breed,animal_id,birth_month_year,animal_name,sex,sire,source_pages,source_page_count,3Pac,3Pdep,3Ptop_pct,ACABac,ACABdep,ACABtop_pct,AOLac,AOLdep,AOLtop_pct,CARac,CARdep,CARtop_pct,IMSac,IMSdep,IMStop_pct,IPPac,IPPdep,IPPtop_pct,MARac,MARdep,MARtop_pct,MGTe_COac,MGTe_COdep,MGTe_COtop_pct,MGTe_CRac,MGTe_CRdep,MGTe_CRtop_pct,MGTe_F1ac,MGTe_F1dep,MGTe_F1top_pct,MGTe_REac,MGTe_REdep,MGTe_REtop_pct,MGTeac,MGTedep,MGTetop_pct,MP120ac,MP120dep,MP120top_pct,MP210ac,MP210dep,MP210top_pct,P120ac,P120dep,P120top_pct,P210ac,P210dep,P210top_pct,P365ac,P365dep,P365top_pct,P450ac,P450dep,P450top_pct,PACac,PACdep,PACtop_pct,PE365ac,PE365dep,PE365top_pct,STAYac,STAYdep,STAYtop_pct
Nelore,SINO 2878,10/21,HERON SINO,G,RDM A2162,"12,16,20,23,24,25,26",7,73,95.64,0.1,,,,65,4.15,6,,,,,,,36,-0.97,13,,,,41,23.11,5,41,41.54,0.1,41,23.13,4,64,37.83,2,41,40.36,0.1,41,7.95,0.1,42,9.99,0.1,88,10.62,3,90,22.67,0.5,,,,82,39.16,0.5,45,14.61,0.1,79,2.48,0.1,66,97.58,2
Nelore,LCCF 1153,08/21,GRAN RESERVA DA ARZ,G,REMP 816,"12,16,20,23,26,28",6,74,90.87,2,63,1.25,0.5,63,4.62,4,,,,,,,40,-1.01,11,,,,39,26,3,41,39.8,0.1,39,27.37,2,63,41.59,0.5,41,40.25,0.1,41,8.79,0.1,40,11.75,0.1,79,9.23,6,85,18.97,3,,,,70,40.71,0.5,,,,73,2.5,0.1,67,96.7,2
Nelore,SINO 3015,03/22,IRMAO SINO,G,SINO 1730,"12,16,17,20,25",5,72,81.6,23,62,0.06,44,64,7.55,0.1,,,,,,,,,,,,,48,30.55,1,45,33.94,1,48,25.13,3,62,50.78,0.1,45,38.98,0.1,45,5.33,2,46,6.76,4,60,15.69,0.1,63,26.65,0.1,,,,69,49.9,0.1,,,,59,1.25,9,68,84.23,10
Nelore,LCCF 910,09/20,FOSTER DA ARZ,G,REM A1811,"12,16,20,25,27,29",6,86,90.69,2,80,0.44,11,81,6.51,0.5,,,,,,,41,-0.99,12,77,0.28,0.1,39,26.51,2,45,37.58,0.1,39,25.79,3,71,40.55,1,45,38.44,0.1,45,6.05,1,45,8.25,1,67,11.87,2,69,23.57,0.1,,,,71,35.32,2,,,,63,1.78,3,84,95.53,2
Nelore,RGM 7765,11/21,OURO BRANCO FIV RG,G,GRI B6777,"12,16,20",3,71,80.44,28,,,,70,4.72,4,,,,,,,,,,,,,33,28.48,2,42,38.19,0.1,33,26.94,2,63,38.49,2,42,38.22,0.1,42,9.67,0.1,43,13.4,0.1,,,,59,22,1,,,,63,38.95,0.5,,,,57,1.28,9,69,90.22,5
Nelore,FANO 3542,02/21,EPITACIO DA AGRONOVA,G,ACNP 3146,"12,17,18,19,20,25,27",7,73,79.96,30,69,0.46,10,71,7.01,0.1,59,-0.19,0.1,,,,45,-0.86,22,68,0.11,8,59,36.83,0.1,49,33.86,1,59,33.38,0.1,69,48,0.1,49,38.08,0.1,49,3.66,9,,,,64,13.42,0.5,68,24.7,0.1,,,,71,45.29,0.1,,,,63,1.89,2,67,97.39,2
Nelore,MCPJ 6525,06/21,6525C FIV JMP,G,REM 10447,"12,16,20,25,26",5,74,85.24,10,,,,63,2.53,18,,,,,,,,,,,,,37,22.95,5,43,38.33,0.1,37,22.73,4,61,36.85,2,43,37.84,0.1,43,7.78,0.1,43,10.88,0.1,87,14.52,0.1,88,25.26,0.1,,,,81,45.32,0.1,,,,76,1.61,4,70,89.06,5
Nelore,RDM A4814,10/20,FALCAO MAT.,G,SINO 1647,"12,16,17,20,26",5,75,91.76,2,68,0.55,8,69,5.32,2,,,,,,,,,,,,,56,24.8,3,42,34.89,0.5,56,24.83,3,68,44.86,0.1,42,37.84,0.1,42,4.17,6,42,5.47,9,59,10.09,4,66,21.65,1,,,,68,47.17,0.1,,,,58,2.54,0.1,68,94.12,3
Nelore,FANO 2995,09/20,ESTUDANTE DA AGRONOVA,G,FANO 1509,"12,16,17,20,25,26",6,74,84.97,11,70,0.26,18,72,5.69,1,,,,,,,,,,,,,50,24.67,3,47,35.12,0.5,50,22.09,5,70,43.66,0.1,47,37.68,0.1,47,3.33,12,46,6.16,6,88,16.27,0.1,90,26.75,0.1,,,,81,45.27,0.1,,,,80,1.83,2,68,96.84,2
Nelore,IPB 7475,02/22,7475 DA IPB,G,REM 10447,"12,16,20,25,26",5,72,90.33,2,,,,64,4.98,3,,,,,,,,,,,,,42,30.95,0.5,48,35.69,0.5,42,31.01,0.5,61,41.4,0.5,48,37.41,0.1,48,4.3,5,47,6.08,6,71,16.21,0.1,75,23.6,0.1,,,,71,40.62,0.5,,,,62,1.52,5,67,99.03,1
Nelore,EAO B7661,09/21,ESTEIO DA EAO,G,REM A7,"12,17,20,23,25,26,28",7,74,88.4,4,68,1.29,0.5,70,5.26,2,,,,,,,45,-0.94,15,,,,49,28.01,2,49,33.82,1,49,29.18,1,68,45.41,0.1,49,37.26,0.1,49,3.69,9,,,,80,11.12,3,83,22.71,0.5,,,,77,43.96,0.1,,,,64,2.65,0.1,68,91.22,4
Nelore,COL 28419,11/21,VESTIGIO FIV COL,G,AZAN 2343,"12,16,20,25,26",5,75,84.87,11,,,,61,3.69,9,,,,,,,,,,,,,33,22.53,5,42,36.58,0.1,33,19.79,7,59,38.75,1,42,37.21,0.1,42,6.5,0.5,42,8.57,1,61,14.5,0.1,62,25.55,0.1,,,,64,45.31,0.1,,,,56,1.36,7,68,89.43,5
Nelore,MMLN 1226,09/20,VOLEI FIV CATARINA,G,BRMG 2299,"12,16,20,25,26",5,60,95.1,0.1,,,,62,4.76,4,,,,,,,,,,,,,38,25.65,3,46,35.91,0.5,38,24.52,3,62,39.6,1,46,37.02,0.1,46,5.31,2,46,7.4,3,64,12.6,1,67,23.53,0.1,,,,67,40.64,0.5,,,,60,1.46,6,51,90.33,5
Nelore,AGJZ 774,08/20,IGAON FIV DA GAROUPA,G,REM A1553,"12,17,19,20,26,27",6,88,91.49,2,76,0.49,9,80,7.14,0.1,60,-0.062,28,,,,43,-1.11,6,76,0.18,2,60,32.04,0.5,45,33.74,1,60,29.79,1,76,44.34,0.1,45,36.9,0.1,45,4.91,3,,,,75,11.44,2,77,21.76,1,,,,80,38.47,1,,,,71,1.76,3,82,87.85,6
Nelore,FVCP 1891,08/21,HERCULES FIV FVC,G,REMP 602,"12,16,20,26",4,73,85.22,10,,,,64,2.86,15,,,,,,,,,,,,,42,17.36,12,45,38.78,0.1,42,18.82,8,63,32.8,4,45,36.89,0.1,45,8.28,0.1,44,10.68,0.1,64,12.55,1,66,19.55,2,,,,69,36.3,2,,,,59,2.65,0.1,69,97.04,2
Nelore,RDM A5613,07/21,A5613 MAT. (GOLACO),G,REMP 602,"12,16,20,23",4,72,88.63,4,,,,62,3.45,10,,,,,,,43,-1.28,2,,,,46,22.22,5,47,39.16,0.1,46,22.19,5,62,31.22,5,47,36.69,0.1,47,8.24,0.1,46,12.61,0.1,,,,66,18.93,3,,,,68,30.52,5,,,,60,2.54,0.1,69,98.71,1
Nelore,MCPJ 8878,10/22,XERIFE FIV JMP,G,REM 10447,"12,16,17,20",4,52,91.13,2,64,0.91,2,67,4.84,3,,,,,,,,,,,,,45,28.39,2,44,34.23,1,45,28.42,2,64,42.41,0.5,44,36.67,0.1,51,4.83,3,51,6.63,4,,,,66,21.65,1,,,,71,43.11,0.1,,,,64,1.65,4,44,91.97,4
Nelore,MMLN 1492,08/22,YURI FIV CATARINA,G,REMP 816,"12,17,18,19,20",5,73,83.88,14,63,1.69,0.1,64,5.15,2,41,-0.069,24,,,,,,,58,0.21,1,41,39.28,0.1,47,31.38,2,41,41.84,0.1,63,48.97,0.1,47,36.63,0.1,47,2.47,22,,,,,,,,,,,,,66,47.96,0.1,,,,60,2.43,0.1,69,95.73,2
Nelore,EAO B8886,01/22,EMBAIXADOR FIV EAO,G,REM A1576,"12,17,18,19,20,25",6,75,86.74,7,68,1.02,2,68,7.54,0.1,50,-0.01,61,,,,,,,62,0.11,8,50,33.57,0.1,47,32.65,2,50,32.53,0.5,68,45.73,0.1,47,36.56,0.1,47,3.99,7,,,,64,12.84,1,65,22.4,0.5,,,,70,35.83,2,,,,62,1.83,2,69,90.13,5
Nelore,FLOC 517,11/21,GÃŠNESIS FIV FLOC,G,REMP 816,"12,17,18,19,20,23,26,27",8,74,89.02,4,63,1,2,63,6.86,0.1,43,-0.07,23,,,,43,-1.24,3,58,0.25,0.5,43,36.8,0.1,46,32.82,2,43,36.57,0.1,63,45.31,0.1,46,36.5,0.1,46,4.44,5,,,,71,7.91,11,72,17.27,4,,,,69,38.31,1,,,,60,2.87,0.1,67,93.73,3
Nelore,HORA 5758,09/21,5758 TE DA HORA,G,SINO 1730,"12,16,20",3,59,91.26,2,,,,67,4.23,6,,,,,,,,,,,,,47,22.13,5,48,35.68,0.5,47,19.8,7,66,37.79,2,48,36.34,0.1,48,3.55,10,49,4.52,15,,,,66,28.03,0.1,,,,70,42.23,0.1,,,,62,1.25,9,53,93.14,3
Nelore,REM 11627,10/20,REM JAMANTA GEN. ADT,G,REM A1576,"12,17,20,26,27",5,85,91.6,2,82,0.76,4,84,6.3,0.5,,,,,,,39,-1.43,0.5,,,,60,30.98,0.5,42,31.96,2,60,29.6,1,82,46.17,0.1,42,36.24,0.1,42,3.03,14,,,,86,11.26,2,89,21.35,1,,,,88,43.69,0.1,,,,79,1.35,8,82,94.28,3
Nelore,SINO 2365,09/20,G7 SINO,G,REMC A223,"12,20,25",3,75,85.13,11,,,,66,4.88,3,,,,,,,,,,,,,44,28.81,1,43,33.79,1,44,26.8,2,64,41.92,0.5,43,36.19,0.1,43,4.22,6,,,,59,14.12,0.1,60,24.73,0.1,,,,64,44.79,0.1,,,,56,2.39,0.1,67,86.48,8
Nelore,REMP 1715,12/21,REM LONDRES FIV GEN.A,G,REMP 602,"12,16,20",3,75,84.12,13,,,,62,3.73,8,,,,,,,,,,,,,48,18.59,10,43,37,0.1,48,18.61,9,61,34.56,3,43,36.18,0.1,43,6.68,0.5,43,9.07,0.5,,,,75,20.32,2,,,,70,35.58,2,,,,57,2.77,0.1,69,96.72,2
Nelore,RDM A5310,06/21,GLOBAL MAT.,G,SINO 1730,"12,17,19,20,25,26,27",7,73,87,6,70,0.34,14,73,7.1,0.1,58,-0.148,2,,,,41,-1.01,11,72,0.07,17,58,32.66,0.5,44,32.84,2,58,28.84,1,70,43.84,0.1,44,36.14,0.1,44,3.99,7,,,,80,13.74,0.5,81,24.11,0.1,,,,78,38.75,0.5,,,,70,1.33,8,70,89.18,5
Nelore,EAO B8074,10/21,B8074 FIV DA EAO (ELE,G,SINO 1730,"12,18,19,20",4,55,99.24,0.1,66,0.61,6,67,6.29,0.5,51,-0.14,2,,,,,,,64,0.16,3,51,33.71,0.1,46,33.4,1,51,31.74,0.5,66,41.77,0.5,46,35.91,0.5,46,5.14,3,,,,,,,,,,,,,69,37.34,1,,,,60,1.51,5,47,83.81,11
Nelore,HORA 5734,09/21,5734 TE DA HORA (LICO,G,SINO 1730,"12,17,20,25,26,27",6,73,89.91,3,60,0.57,7,60,6.77,0.1,,,,,,,40,-1.18,4,,,,45,30.33,1,43,31.82,2,45,28.68,1,60,45.42,0.1,43,35.91,0.5,43,1.85,34,,,,63,14.41,0.1,66,24.51,0.1,,,,66,41.46,0.1,,,,56,2.03,1,69,90.67,4
Nelore,RDM A5492,07/21,GURUPI MAT.,G,REMP 602,"12,16,20,23,24,25,26",7,72,84.21,13,,,,76,3.7,9,,,,,,,42,-1.32,2,,,,61,19.44,9,44,35.97,0.5,61,18.32,9,74,35.38,3,44,35.73,0.5,44,6.92,0.1,44,9.45,0.5,86,14.8,0.1,91,24.9,0.1,,,,84,38.06,1,50,11.14,4,81,2.46,0.1,67,79.82,16
Nelore,RGM 8274,06/22,PERFEITO FIV RG,G,FANO 2762,"12,20",2,75,88.42,4,,,,66,4.69,4,,,,,,,,,,,,,37,33.3,0.1,45,33.22,1,37,33.47,0.1,64,41.45,0.5,45,35.72,0.5,45,2.08,29,,,,,,,,,,,,,69,39.72,0.5,,,,60,1.31,8,66,99.04,1
Nelore,FANO 3732,09/21,FINLANDES DA AGRONOVA,G,REMP 816,"12,17,18,19,20,26,27,28,29",9,72,84.01,14,67,1.45,0.1,66,8.58,0.1,50,-0.13,3,,,,44,-1.11,6,63,0.3,0.1,50,48.78,0.1,48,26.86,7,50,48.73,0.1,66,56.22,0.1,48,35.67,0.5,48,1.72,37,,,,76,11.05,3,78,21.06,1,,,,73,45.95,0.1,,,,66,1.88,2,70,81.15,14
Nelore,BRMG 3862,10/19,BRASIL DA BEABISA,G,FPO 2683,"12,20,21,23,26",5,85,93.1,1,,,,86,5.66,2,,,,,,,56,-1.18,4,,,,62,28.16,2,56,33.42,1,62,27.82,2,84,40.37,1,56,35.49,0.5,56,2.65,19,,,,84,12.95,1,82,22.13,0.5,,,,88,37.01,1,,,,80,2.38,0.1,81,95.18,2
Nelore,REMP 1660,11/21,REM LEGIONARIO FIV GE,G,REM A2239,"12,17,20,26,27",5,71,93.34,0.5,61,0.82,3,62,6.66,0.5,,,,,,,39,-1.3,2,,,,43,29.42,1,46,31.74,2,43,29.38,1,61,44.12,0.1,46,35.47,0.5,46,2.78,17,,,,69,10.52,3,73,19.7,2,,,,69,38.29,1,,,,58,1.36,7,68,97.65,2
Nelore,RDM A6179,08/21,GALLO MAT.,G,REMP 602,"12,16,20,23",4,74,86.23,8,,,,63,3.05,13,,,,,,,42,-1.13,5,,,,47,19.99,8,45,36.38,0.1,47,19.81,7,63,33.52,4,45,35.45,0.5,45,8.01,0.1,45,10.3,0.1,,,,66,19.68,2,,,,69,36.01,2,,,,62,2.23,0.5,68,88.01,6
Nelore,EAO B7222,08/21,B7222 FIV DA EAO (EXE,G,REM A1936,"12,16,20,23",4,72,99.17,0.1,,,,69,5.24,2,,,,,,,45,-1.24,3,,,,53,31.96,0.5,49,35.17,0.5,53,29.7,1,68,35.9,2,49,35.38,0.5,49,3.83,8,48,5.48,9,,,,84,20.71,1,,,,73,30.76,4,,,,73,2.25,0.5,68,95.89,2
Nelore,REMP 1416,07/21,REM PASSAPORTE FIV GE,G,REM A2239,"12,17,20,25,26",5,72,92.06,1,71,0.62,6,74,5.76,1,,,,,,,,,,,,,56,24.99,3,44,31.92,2,56,23.83,4,71,43.39,0.5,44,35.38,0.5,44,2.45,22,,,,95,13.51,0.5,95,23.67,0.1,,,,91,42.33,0.1,,,,88,1.71,3,68,89.55,5
Nelore,FANO 2491,11/19,DOUSE DA AGRONOVA,G,REMC A331,"12,18,19,20,27",5,84,90.94,2,77,0.53,8,80,7.98,0.1,69,-0.15,1,,,,45,-1.3,2,77,0.13,5,69,35.81,0.1,51,32.32,2,69,32.34,0.5,77,42.09,0.5,51,35.29,0.5,51,3.02,15,,,,,,,,,,,,,79,30.76,4,,,,68,0.85,19,81,98.3,2
Nelore,FGP A1248,09/20,GIBSON FIV GUADALUPE,G,REM A1811,"12,20,24,27",4,85,86.11,8,73,0.42,11,75,7.34,0.1,,,,,,,45,-1.21,3,,,,52,30.26,1,50,32.31,2,52,27.4,2,73,41.33,0.5,50,34.96,1,50,7.28,0.1,50,9.75,0.1,,,,,,,,,,77,33.02,3,53,14.42,0.1,66,1.46,6,83,89.74,5
Nelore,REMP 1611,10/21,REM1611L FIV GENETICA,G,REMP 816,"12,17,20",3,59,90.56,2,63,1.54,0.1,64,5.79,1,,,,,,,,,,,,,46,33.26,0.1,46,31.18,3,46,35.17,0.1,63,43.8,0.1,46,34.96,1,46,3.06,14,,,,,,,,,,,,,70,37.4,1,,,,59,1.85,2,50,98.04,2
Nelore,EPCF 4353,08/20,ROLEX FIV DA TERRA BR,G,REM A1811,"12,17,18,19,20,26,27",7,85,85.51,10,88,1.13,1,91,7.47,0.1,45,-0.09,11,,,,45,-0.9,19,90,0.22,1,45,39.34,0.1,49,29.62,4,45,38.79,0.1,88,46.75,0.1,49,34.75,1,49,5.41,2,,,,93,8.86,7,92,15.94,6,,,,89,37.22,1,,,,85,1,15,83,88.05,6
Nelore,EAO B8522,11/21,EMBLEMA FIV DA EAO,G,REM A7,"12,16,20,23,29",5,73,95.41,0.1,67,0.69,5,68,3.76,8,,,,,,,46,-1.52,0.1,64,0.27,0.1,49,23.01,5,51,36.54,0.1,49,24.35,3,67,30.62,6,51,34.73,1,51,6.03,1,51,9.44,0.5,,,,71,18.42,3,,,,71,29.73,5,,,,64,2.03,1,69,98.65,1
Nelore,EPCF 5140,08/21,5140 FIV DA TERRA BRA,G,REMP 602,"13,16",2,73,81.61,23,,,,63,3.69,9,,,,,,,,,,,,,,,,43,34.34,1,,,,,,,43,34.67,1,43,4.72,4,43,6.61,4,,,,58,22.09,0.5,,,,66,37.85,1,,,,57,2.54,0.1,69,94.79,3
Nelore,KPA 12,09/20,QUAZAR KA,G,RDM A99,"13,17,23,26,27",5,73,86.5,7,73,0.6,7,75,7.18,0.1,,,,,,,41,-0.69,39,,,,,,,,,,,,,73,44.82,0.1,43,34.65,1,43,4.16,6,,,,86,10.2,4,89,19.02,3,,,,85,38.44,1,,,,76,2,1,69,85.4,9
Nelore,FNAN 27,02/22,FNAN BENDITO,G,REMP 602,13,1,75,82.97,17,,,,64,6.52,0.5,,,,,,,,,,,,,,,,,,,,,,,,,48,34.61,1,48,5.33,2,,,,,,,,,,,,,70,28.4,6,,,,60,2.5,0.1,69,98.93,1
Nelore,FVCP 1762,07/21,SANSÃƒO FIV FVC,G,REMP 602,"13,16",2,74,87.1,6,,,,61,3.71,8,,,,,,,,,,,,,,,,44,35.98,0.5,,,,,,,44,34.59,1,44,7.11,0.1,43,10.82,0.1,,,,65,18.54,3,,,,66,34.09,2,,,,57,2.01,1,69,95.29,2
Nelore,MDLO 2230,08/21,I2230 DA MDLO,G,SINO 1730,"13,19,25,26,27",5,75,85.67,9,62,0.11,33,63,6.93,0.1,42,-0.19,0.1,,,,43,-1.27,2,58,0.05,24,42,31.74,0.5,,,,,,,,,,46,34.55,1,46,4.27,6,,,,66,16.45,0.1,71,22.72,0.5,,,,69,37.99,1,,,,58,1.44,6,68,83.85,10
Nelore,REMP 1749,12/21,REM LANCELOT FIV GEN.,G,REMP 816,"13,18",2,74,87.06,6,65,1.27,0.5,66,4.92,3,51,-0.021,54,,,,,,,64,0.12,7,,,,,,,51,31.74,0.5,,,,49,34.47,1,49,1.76,36,,,,,,,,,,,,,69,37.96,1,,,,63,2.6,0.1,69,99.15,0.1
Nelore,COL 28075,06/21,VIPUL FIV COL,G,COL 25550,"13,16",2,73,88.94,4,,,,67,3.09,13,,,,,,,,,,,,,,,,49,37.31,0.1,,,,,,,49,34.4,1,49,8.43,0.1,48,12.56,0.1,,,,67,16.65,5,,,,69,31.36,4,,,,63,1.7,3,68,98.54,2
Nelore,FNAN 23,11/21,FNAN AUSPICIOSO,G,LCCF 619,"13,25",2,74,90.74,2,,,,60,4.89,3,,,,,,,,,,,,,,,,,,,,,,,,,42,34.34,1,42,1.59,40,,,,61,13.97,0.1,61,25.49,0.1,,,,66,36.14,2,,,,55,1.65,4,68,97.92,2
Nelore,FANO 2978,09/20,EMBATE DA AGRONOVA,G,BONS 3108,"13,23,24",3,86,77.59,42,,,,92,5.49,2,,,,,,,55,-0.9,19,,,,,,,,,,,,,,,,51,34.25,1,51,6.16,1,50,7.92,2,,,,,,,,,,93,30.93,4,62,12.02,2,90,2.33,0.1,81,96.04,2
Nelore,REMC A3775,09/20,REM JUNCO GEN. ADT,G,REM A1936,"13,17",2,85,91.03,2,70,0.52,8,72,6.89,0.1,,,,,,,,,,,,,,,,,,,,,,70,43.73,0.1,50,34.18,2,50,1.01,61,,,,,,,,,,,,,78,38.44,1,,,,67,1.36,7,81,88.72,6
Nelore,MFBN 9026,10/21,TRIJAK FIV G.SALES,G,REM A1576,"13,17,19",3,51,90.4,2,63,0.55,8,64,8.47,0.1,43,-0.08,17,,,,,,,57,0.01,44,43,34.36,0.1,,,,,,,63,50.29,0.1,43,33.97,2,47,0.2,83,,,,,,,,,,,,,67,42.01,0.1,,,,59,1.68,4,43,88.84,6
Nelore,RDM A5295,06/21,GARFIELD MAT.,G,SINO 1730,"13,26",2,73,91.3,2,,,,70,4.49,4,,,,,,,,,,,,,,,,,,,,,,,,,50,33.94,2,50,4.88,3,,,,76,10.96,3,75,21.18,1,,,,72,38.63,0.5,,,,66,1.8,3,66,86.05,8
Nelore,ANP 167,08/20,BOEING FIV,G,FPO 2683,"13,27",2,84,91.15,2,77,0.1,34,78,6.32,0.5,,,,,,,44,-1.18,4,,,,,,,,,,,,,,,,49,33.82,2,49,2.68,19,,,,,,,,,,,,,75,33.26,3,,,,65,1.34,8,80,99.12,1
Nelore,RDM A3393,11/19,ELGIN MAT.,G,BONS 3108,13,1,85,99.06,0.1,,,,82,4.83,3,,,,,,,,,,,,,,,,,,,,,,,,,54,33.8,2,54,3.56,10,,,,,,,,,,,,,88,33.8,3,,,,79,0.94,16,82,97.6,2
Nelore,KAPM 10287,11/19,PHD KA,G,REM 6447,"13,25,26,27",4,74,78.25,38,70,0.27,17,70,6.44,0.5,,,,,,,48,-1.08,7,,,,,,,,,,,,,,,,48,33.76,2,48,2.95,15,,,,80,14.42,0.1,83,23.86,0.1,,,,82,38.73,0.5,,,,68,1.82,2,70,88.32,6
Nelore,IFG 10432,09/21,SILVERADO DO IF,G,HORA 3150,13,1,72,85.94,9,,,,64,3.65,9,,,,,,,,,,,,,,,,,,,,,,,,,48,33.7,2,48,5.78,2,,,,,,,,,,,,,69,36.78,1,,,,63,1.94,2,67,97.19,2
Nelore,XRGM 4111,08/19,IDEALIZADOR FIV DA XA,G,REMC 8053,"13,25,26,27",4,85,90.57,2,76,0.41,12,79,6.16,1,,,,,,,48,-1.32,2,,,,,,,,,,,,,,,,50,33.62,2,50,2.9,16,,,,73,12.09,2,75,23.96,0.1,,,,78,37.34,1,,,,69,1.66,4,83,80.6,15
Nelore,REM 12045,08/21,REM LEGACY GEN.ADT,G,REM A1576,"13,17,18,19,26,27",6,72,90.3,2,65,0.76,4,66,6.61,0.5,51,-0.109,5,,,,40,-1.46,0.5,43,0.07,17,43,33.58,0.1,,,,43,31.52,0.5,65,45.01,0.1,44,33.6,2,44,3.19,13,,,,74,11.82,2,76,21.04,1,,,,72,40.35,0.5,,,,60,1.45,6,66,78.32,19
Nelore,IPB 6732,09/19,ARMEIRO DA IPB,G,REMC 5326,13,1,87,84.29,13,,,,84,5.74,1,,,,,,,,,,,,,,,,,,,,,,,,,59,33.48,2,59,5.24,2,,,,,,,,,,,,,87,31.94,4,,,,79,1.7,3,82,98.49,2
Nelore,REMP 602,09/18,REM HORUS GEN ADT,G,REM A149,"13,16,23,24",4,87,77.64,41,,,,96,2.44,19,,,,,,,80,-1.02,10,,,,,,,79,35.86,0.5,,,,,,,79,33.47,2,79,8.63,0.1,80,11.24,0.1,,,,94,18.81,3,,,,95,31.65,4,49,8.77,12,92,2.98,0.1,81,86.43,8
Nelore,ANP 113,07/20,BURGUES FIV,G,REM A7,13,1,84,89.59,3,,,,83,5.55,2,,,,,,,,,,,,,,,,,,,,,,,,,51,33.39,2,51,3.65,9,,,,,,,,,,,,,81,34.65,2,,,,74,1.74,3,84,92.34,4
Nelore,REMP 1486,09/21,REM LIVERPOOL FIV GEN,G,REM A2239,"13,27",2,71,93.05,1,64,0.51,9,64,6.18,0.5,,,,,,,41,-1.08,7,,,,,,,,,,,,,,,,47,33.28,2,47,2.53,21,,,,,,,,,,,,,74,35.94,2,,,,67,1.49,6,68,99.15,0.1
Nelore,MMVA 5894,12/21,CHEFE FIV DA JACAMIM,G,MMVA 2725,"13,16",2,73,82.87,18,,,,65,2.92,14,,,,,,,,,,,,,,,,47,35.66,0.5,,,,,,,47,33.26,2,47,8.17,0.1,48,11.28,0.1,,,,67,17.93,3,,,,70,29.33,6,,,,60,2.05,1,69,91.59,4
Nelore,RDM A5722,07/21,GOLDMAN MAT.,G,REMP 602,"13,23,26",3,75,82.6,19,,,,72,3.2,12,,,,,,,43,-0.93,16,,,,,,,,,,,,,,,,46,33.25,2,46,5.17,3,,,,86,10.15,4,90,18.95,3,,,,86,36.61,1,,,,79,2.31,0.5,70,95.19,2
Nelore,EAO B8217,10/21,EFICAZ DA EAO,G,SINO 1730,"13,25,27",3,72,85.45,10,66,0.58,7,66,6.51,0.5,,,,,,,46,-0.96,14,,,,,,,,,,,,,,,,50,33.17,2,50,2.9,16,,,,71,13.23,0.5,71,23.84,0.1,,,,72,33.19,3,,,,63,1.12,12,70,86.77,7
Nelore,EAO B7502,09/21,ELO FIV DA EAO (B7502,G,REM A1936,"13,18,19,23,28,29",6,71,84.68,12,66,1.43,0.1,68,4.91,3,51,-0.031,48,,,,45,-1.32,2,64,0.3,0.1,51,34.08,0.1,,,,51,36.8,0.1,,,,47,33.15,2,47,3.92,7,,,,,,,,,,,,,69,33.91,2,,,,61,2.07,1,68,89.57,5
Nelore,FANO 2729,01/20,DOLVE DA AGRONOVA,G,REM A7,"13,18,21",3,83,91.97,1,84,1.16,1,86,5.79,1,66,-0.008,62,,,,51,-1.07,8,84,0.17,3,,,,,,,66,31.53,0.5,,,,53,33.12,2,53,3.45,11,,,,,,,,,,,,,88,31.71,4,,,,80,1.71,3,80,90.1,5
Nelore,EAO B7556,09/21,ELITE DA EAO,G,REM A1936,"13,23,28",3,74,87.25,6,68,1.32,0.5,68,3.19,12,,,,,,,45,-0.97,13,,,,,,,,,,,,,,,,47,33.08,2,47,5.81,1,,,,,,,,,,,,,80,29.83,5,,,,70,2.07,1,70,89.1,5
Nelore,EAO B1143,07/19,CACADOR FIV DA EAO,G,REM 6447,"13,19,27",3,86,88.98,4,83,0.71,5,85,6.58,0.5,75,-0.073,22,,,,52,-0.84,24,82,0.2,2,75,31.51,0.5,,,,,,,,,,54,33.05,2,54,5.27,2,,,,,,,,,,,,,90,28.33,7,,,,87,1.9,2,82,88.81,6
Nelore,SINO 1871,05/19,EXTRA SINO,G,REM 8933,13,1,86,85.78,9,,,,83,3.83,8,,,,,,,,,,,,,,,,,,,,,,,,,53,33.02,2,53,5.45,2,,,,,,,,,,,,,83,32.04,3,,,,74,1.78,3,82,91.38,4
Nelore,GCGC 307,07/20,ASCOLI TE DA FURN,G,BONS 3108,13,1,86,76.07,49,,,,77,4.32,5,,,,,,,,,,,,,,,,,,,,,,,,,48,33.01,2,48,3.93,7,,,,,,,,,,,,,74,43.98,0.1,,,,65,1.95,2,84,86.86,7
Nelore,RDM A6382,09/21,A6382 MAT. (GRIFEN MA,G,RDM A3064,13,1,72,84.94,11,,,,63,6,1,,,,,,,,,,,,,,,,,,,,,,,,,47,32.99,2,47,3.37,11,,,,,,,,,,,,,66,32.71,3,,,,59,1.82,2,69,94.56,3
Nelore,FANO 2762,01/20,DIPLOMATA DA AGRONOVA,G,REM A7,"13,18,19,28",4,85,83.63,15,97,1.21,1,96,5.5,2,89,-0.13,3,,,,79,-1.02,10,95,0.11,8,89,34.82,0.1,,,,89,34.81,0.1,,,,82,32.98,2,82,2.88,16,,,,,,,,,,,,,97,33.52,3,,,,95,1.76,3,82,93.82,3
Nelore,MAX 1039,10/21,MAX EPICO FIV,G,COL 25550,13,1,51,89.14,3,,,,62,4.73,4,,,,,,,,,,,,,,,,,,,,,,,,,46,32.91,2,46,5.75,2,,,,,,,,,,,,,68,29.57,5,,,,58,1.27,9,52,99.15,0.1
Nelore,AZAP 3334,10/21,ACETATO FIV DA BELA,G,REM A1936,13,1,72,87.57,5,,,,63,4.38,5,,,,,,,,,,,,,,,,,,,,,,,,,45,32.9,2,45,3.85,8,,,,,,,,,,,,,68,32.81,3,,,,58,2.25,0.5,69,91.25,4
Nelore,REMP 726,10/18,REM HUJALA FIV GEN AD,G,REM 8933,"13,26",2,86,90.18,2,,,,87,2.63,17,,,,,,,,,,,,,,,,,,,,,,,,,59,32.84,2,59,4.49,5,,,,86,12.15,1,87,21.55,1,,,,93,39.85,0.5,,,,85,1.39,7,81,89.46,5
Nelore,REM 12719,08/22,REM MISTER GEN. ADT,G,REMP 1079,13,1,72,76.89,45,,,,61,3.87,7,,,,,,,,,,,,,,,,,,,,,,,,,42,32.8,2,42,3.65,9,,,,,,,,,,,,,65,43.55,0.1,,,,56,1.62,4,69,81.04,14
Nelore,GRI B9438,09/19,B9438 FIV DA S.NICE,G,REMC 5326,13,1,51,80.64,27,,,,71,6.01,1,,,,,,,,,,,,,,,,,,,,,,,,,40,32.74,2,54,3.37,11,,,,,,,,,,,,,76,33.59,3,,,,68,1.68,4,40,97.97,2
Nelore,BONS 3180,10/16,QUINCY BONS,G,REMC 5326,"13,16,24",3,87,86.21,8,,,,82,3.2,12,,,,,,,56,-1.31,2,,,,,,,58,35.57,0.5,,,,,,,58,32.73,2,58,7.81,0.1,57,10.73,0.1,,,,78,16.69,5,,,,86,28.45,6,34,12.47,2,77,1.27,9,83,98.25,2
Nelore,KAPO 1500,08/17,NOGARA KA,G,KAPM 1905,"13,25,26",3,84,83.18,17,,,,78,3.02,14,,,,,,,,,,,,,,,,,,,,,,,,,61,32.69,2,61,5.38,2,,,,82,15.4,0.1,83,27.82,0.1,,,,90,38.96,0.5,,,,81,1.25,9,82,74.81,26
Nelore,MMVA 4179,09/20,BRUTAL FIV DA JACAMIM,G,MMVA 1270,14,1,76,83.57,15,,,,66,4.33,5,,,,,,,,,,,,,,,,,,,,,,,,,47,32.68,2,47,3.93,7,,,,,,,,,,,,,70,33.94,2,,,,62,0.76,22,69,97.72,2
Nelore,EAO B7486,09/21,ESSENCIAL DA EAO,G,REM A1936,"14,28",2,73,91.25,2,62,1.23,0.5,64,3.78,8,,,,,,,42,-1.14,5,,,,,,,,,,,,,,,,45,32.55,2,45,2.33,24,,,,,,,,,,,,,66,39.79,0.5,,,,58,2.18,0.5,67,84.32,10
Nelore,RDM A5488,07/21,GARCIA MAT.,G,SINO 1730,14,1,73,91.03,2,,,,74,5.76,1,,,,,,,,,,,,,,,,,,,,,,,,,43,32.48,2,43,2.76,18,,,,,,,,,,,,,80,34.1,2,,,,75,1.7,3,69,80.75,15
Nelore,EAO B5278,09/20,B5278 FIV DA EAO,G,ACNP 3146,"14,18,26",3,73,85.83,9,63,1.01,2,64,3.31,11,44,-0.2,0.1,,,,,,,60,0.09,11,,,,,,,44,31.6,0.5,,,,46,32.45,2,46,2.4,23,,,,73,10.39,4,73,20.01,2,,,,77,37.34,1,,,,68,2.14,1,67,98.9,1
Nelore,AGJZ 878,07/21,JAMBU FIV DA GAROUPA,G,REMP 816,"14,28",2,73,91.86,1,64,1.51,0.1,63,3.45,10,,,,,,,42,-0.89,19,,,,,,,,,,,,,,,,45,32.45,2,45,5.76,2,,,,,,,,,,,,,69,32.04,3,,,,66,1.6,4,68,91.13,4
Nelore,GRI C585,02/20,CASSINO FIV DA S.NICE,G,LBMN D4685,"14,16,24",3,85,85.54,10,,,,87,3.35,11,,,,,,,51,-0.83,25,,,,,,,47,33.99,1,,,,,,,47,32.44,2,47,8.5,0.1,46,11.17,0.1,,,,86,12.81,13,,,,90,28.54,6,53,12.23,2,84,0.94,16,84,98.34,2
Nelore,PAU 5360,09/21,RECEIO FIV DA PAULETE,G,REM A1576,"14,26",2,73,79.59,32,,,,60,5.3,2,,,,,,,,,,,,,,,,,,,,,,,,,43,32.43,2,43,3.74,8,,,,65,12.46,1,67,21.35,1,,,,66,38.79,0.5,,,,55,1.35,8,68,83.57,11
Nelore,HORA 6160,11/21,LOOP DA HORA,G,SINO 1730,"14,17",2,73,83.05,17,62,1.16,1,63,4.94,3,,,,,,,,,,,,,,,,,,,,,,62,42.39,0.5,44,32.42,2,44,3.56,10,,,,,,,,,,,,,69,41.09,0.1,,,,60,1.58,5,67,78.52,19
Nelore,FLPE 7880,11/20,GOLF FIV DA COMETA,G,REMC 5326,14,1,73,87.12,6,,,,75,4.89,3,,,,,,,,,,,,,,,,,,,,,,,,,51,32.41,2,51,5.14,3,,,,,,,,,,,,,78,30.02,5,,,,65,1.66,4,68,97.45,2
Nelore,REMP 1513,09/21,REM LARIAT FIV GEN.AD,G,REMP 816,"14,28",2,72,85.57,9,64,1.32,0.5,65,3.98,7,,,,,,,44,-1.09,7,,,,,,,,,,,,,,,,47,32.38,2,47,4.4,5,,,,,,,,,,,,,74,36.13,2,,,,71,1.64,4,68,88.23,6
Nelore,REMP 1425,07/21,REM LUTADOR FIV GEN.A,G,REM A2239,"14,17",2,71,93,1,61,0.64,6,60,6.95,0.1,,,,,,,,,,,,,,,,,,,,,,60,42.38,0.5,42,32.36,2,42,2.39,23,,,,,,,,,,,,,67,35.2,2,,,,56,1.64,4,68,86.9,7
Nelore,MMVA 5159,10/21,COMANDER FIV DA JACAM,G,MMVA 2725,14,1,71,87.94,5,,,,65,3.35,11,,,,,,,,,,,,,,,,,,,,,,,,,48,32.34,2,48,5.8,1,,,,,,,,,,,,,68,30.78,4,,,,60,1.61,4,67,98.63,1
Nelore,EAO A8720,05/18,8720 FIV DA EAO,G,RDM 5049,14,1,85,87.27,6,,,,76,5.01,3,,,,,,,,,,,,,,,,,,,,,,,,,53,32.23,2,53,5.59,2,,,,,,,,,,,,,79,30.46,5,,,,68,0.76,22,81,93.16,3
Nelore,FGP A1608,10/20,GRAFITE FIV GUADALUPE,G,REM A1811,14,1,74,87.42,6,,,,65,4.98,3,,,,,,,,,,,,,,,,,,,,,,,,,48,32.22,2,48,5.78,2,,,,,,,,,,,,,73,32.43,3,,,,68,1.28,9,68,90.38,5
Nelore,IPB 6553,09/19,F19 FIV DA IPB,G,REMC A657,14,1,83,90.07,3,,,,83,5.85,1,,,,,,,,,,,,,,,,,,,,,,,,,53,32.21,2,53,3.18,13,,,,,,,,,,,,,87,35.03,2,,,,77,1.76,3,81,91.1,4
Nelore,RGM 6452,08/20,NEVOEIRO FIV RG,G,RGM 4376,14,1,75,93.88,0.5,,,,64,2.03,23,,,,,,,,,,,,,,,,,,,,,,,,,41,32.21,2,41,2.79,17,,,,,,,,,,,,,64,34.05,2,,,,55,1.02,14,68,98.49,2
Nelore,HORA 6190,11/21,LUTHER DA HORA,G,HORA 3986,"14,25,26",3,71,86.54,7,,,,64,5.14,3,,,,,,,,,,,,,,,,,,,,,,,,,43,32.08,3,43,2.9,16,,,,67,15.24,0.1,73,23.55,0.1,,,,71,40.56,0.5,,,,62,1.51,5,69,77.18,21
Nelore,AZAP 3282,09/21,ASSOBIO FIV DA BELA,G,COL 25550,14,1,73,92.34,1,,,,61,4.65,4,,,,,,,,,,,,,,,,,,,,,,,,,42,32.07,3,42,4.35,5,,,,,,,,,,,,,68,27.92,7,,,,56,1.62,4,68,99.07,1
Nelore,EAO B4051,07/20,D8 DA EAO,G,REM A7,"14,18,24,28,29",5,87,86.89,7,90,1.32,0.5,90,3.83,8,76,-0.043,40,,,,45,-1.51,0.5,91,0.29,0.1,,,,,,,76,32.81,0.5,,,,47,31.99,3,47,7.57,0.1,47,9.26,0.5,,,,,,,,,,95,27.03,8,59,9.36,9,86,1.8,3,80,82.36,12
Nelore,FANO 2879,08/20,ELOQUENDE DA AGRONOVA,G,BONS 3108,"14,23",2,84,75.08,53,,,,84,5.43,2,,,,,,,48,-0.75,32,,,,,,,,,,,,,,,,52,31.92,3,52,5.22,2,,,,,,,,,,,,,83,29.02,6,,,,75,2.18,0.5,83,94.49,3
Nelore,JHVM 19651,10/19,NOTAVEL FIV CAMPARINO,G,REMC 5326,"14,24",2,87,93.14,1,,,,72,3.92,7,,,,,,,47,-1.28,2,,,,,,,,,,,,,,,,51,31.92,3,51,6.28,1,49,8.96,0.5,,,,,,,,,,84,26.36,9,31,9.82,7,71,1.21,10,80,98.14,2
Nelore,RDM A3560,07/20,FEDERAL MAT.,G,REMC 8332,"14,18,19,30",4,74,87.69,5,64,0.19,22,65,6.07,1,48,-0.28,0.1,53,-0.078,72,,,,61,0.2,2,48,36.01,0.1,,,,48,32.34,0.5,,,,47,31.92,3,47,2.51,21,,,,,,,,,,,,,67,36.49,1,,,,59,1.57,5,69,86.72,7
Nelore,RDM A5969,08/21,GUAPORE MAT.,G,REMP 816,14,1,59,83.1,17,,,,65,4.07,6,,,,,,,,,,,,,,,,,,,,,,,,,50,31.8,3,50,4.15,6,,,,,,,,,,,,,69,38.29,1,,,,61,1.49,6,53,82.25,13
Nelore,GRI C3319,12/21,DESTEMIDO DA S.NICE,G,REM A1936,"14,23",2,76,89.32,3,,,,64,4.94,3,,,,,,,43,-0.92,17,,,,,,,,,,,,,,,,47,31.79,3,47,1.94,32,,,,,,,,,,,,,70,34.11,2,,,,61,2.14,1,66,84.94,9
Nelore,DIM A2066,11/21,POCHA FIV MACHADINHO,G,SINO 1730,14,1,73,85.23,10,,,,67,6.05,1,,,,,,,,,,,,,,,,,,,,,,,,,48,31.76,3,48,3.87,8,,,,,,,,,,,,,71,35.45,2,,,,62,1.5,5,66,79.85,16
Nelore,FANO 3294,12/20,ELO DA AGRONOVA,G,PAU 2753,"14,17,18,19,27,28",6,73,82.48,19,79,1.24,0.5,81,8.02,0.1,58,-0.115,5,,,,44,-0.8,28,82,0.18,2,58,40.7,0.1,,,,58,39.76,0.1,79,44.38,0.1,49,31.7,3,49,1.81,35,,,,,,,,,,,,,84,30.13,5,,,,77,1.3,8,69,87.33,7
Nelore,RDM A7202,07/22,HEZBOLLAH MAT.,G,FANO 2762,14,1,74,85.16,10,,,,66,5.09,3,,,,,,,,,,,,,,,,,,,,,,,,,47,31.69,3,47,4.37,5,,,,,,,,,,,,,69,32.96,3,,,,62,1.31,8,69,87.22,7
Nelore,FLOC 342,11/20,FAHAL OL TIMBO,G,REM A1576,"14,26",2,73,82.14,21,,,,63,3.02,14,,,,,,,,,,,,,,,,,,,,,,,,,47,31.67,3,47,3.37,11,,,,68,9.52,6,70,19.03,3,,,,71,39.97,0.5,,,,63,1.75,3,68,93.88,3
Nelore,DIM A1300,10/20,OBAMA FIV MACHADINHO,G,ACNP 3146,14,1,86,86.25,8,,,,78,5.26,2,,,,,,,,,,,,,,,,,,,,,,,,,46,31.61,3,46,2.46,22,,,,,,,,,,,,,79,33.68,3,,,,71,1.37,7,82,99.07,1
Nelore,FZNM 16842,10/20,MARATA 16842 FIV,G,REM A1811,14,1,56,94.61,0.5,,,,63,3.66,9,,,,,,,,,,,,,,,,,,,,,,,,,45,31.56,3,45,5.93,1,,,,,,,,,,,,,74,31.21,4,,,,68,1.03,14,48,89.91,5
Nelore,FBFM 11398,09/21,SHOW BATUQUE,G,FBFM 8950,14,1,72,87.43,6,,,,57,5.08,3,,,,,,,,,,,,,,,,,,,,,,,,,41,31.56,3,41,5.7,2,,,,,,,,,,,,,66,25.27,10,,,,56,1.33,8,68,97.92,2
Nelore,EDD 7627,11/20,7627 EDD DA FV,G,REMC 5326,14,1,50,84.79,11,,,,55,6.09,1,,,,,,,,,,,,,,,,,,,,,,,,,45,31.53,3,46,4.22,6,,,,,,,,,,,,,63,27.06,8,,,,57,1.52,5,45,91.24,4
Nelore,RGM 7749,11/21,OSCAR FIV RG,G,GRI B6777,14,1,75,87.45,6,,,,68,3.76,8,,,,,,,,,,,,,,,,,,,,,,,,,47,31.48,3,47,4.61,4,,,,,,,,,,,,,72,29.41,5,,,,66,1.5,5,70,92.9,3
Nelore,FVC 14840,07/20,KIEV FIV FVC,G,ACNP 3146,14,1,73,87.36,6,,,,66,3.7,9,,,,,,,,,,,,,,,,,,,,,,,,,51,31.46,3,51,4.05,7,,,,,,,,,,,,,75,32.8,3,,,,67,1.78,3,67,98.46,2
Nelore,ACNP 3165,07/17,BRUTHO J MACHADO,G,REMC 5326,"14,24",2,84,85.27,10,,,,72,3.32,11,,,,,,,48,-0.99,12,,,,,,,,,,,,,,,,52,31.45,3,52,8.39,0.1,51,11.44,0.1,,,,,,,,,,80,26.88,8,32,10.99,4,75,1.41,7,84,96.43,2
Nelore,FGP 9684,08/19,FABULOSO FIV GUADALUP,G,REMC 8053,"14,21",2,87,90.75,2,,,,93,5.84,1,,,,,,,62,-1.35,1,,,,,,,,,,,,,,,,57,31.4,3,57,3.44,11,,,,,,,,,,,,,93,33.55,3,,,,89,1.41,7,83,84.3,10
Nelore,JHVM 20573,08/20,HANOVER FIV CAMPARINO,G,JHVM 16068,"14,26",2,72,87.12,6,,,,63,4.85,3,,,,,,,,,,,,,,,,,,,,,,,,,42,31.38,3,42,0.93,63,,,,64,10.22,4,68,19.66,2,,,,68,38.8,0.5,,,,56,1.84,2,69,96.09,2
Nelore,FVCP 1710,07/21,RICO FIV FVC,G,BONS 3108,14,1,54,86.3,8,,,,66,3.99,7,,,,,,,,,,,,,,,,,,,,,,,,,47,31.37,3,50,5.75,2,,,,,,,,,,,,,69,27.66,7,,,,61,2.23,0.5,47,92.39,4
Nelore,RDM A3096,09/19,ESPARTANO MAT.,G,BONS 3108,14,1,86,80.16,29,,,,93,4.79,3,,,,,,,,,,,,,,,,,,,,,,,,,68,31.36,3,68,3.44,11,,,,,,,,,,,,,98,34.67,2,,,,93,1.09,13,83,95.27,2
Nelore,RSAN A978,10/21,ROCCO RSAN,G,BONS 3108,14,1,74,88.26,4,,,,60,4.87,3,,,,,,,,,,,,,,,,,,,,,,,,,45,31.29,3,45,4.16,6,,,,,,,,,,,,,68,32.17,3,,,,58,1.7,3,69,89.42,5
Nelore,RDM A1190,08/18,DESTINO MAT.,G,BRMG 2299,15,1,73,80.29,29,,,,65,2.86,15,,,,,,,,,,,,,,,,,,,,,,,,,47,31.23,3,47,5.47,2,,,,,,,,,,,,,72,37.82,1,,,,66,1.79,3,69,81.25,14
Nelore,EAO B6305,01/21,EXTRATO DA EAO,G,REM A1811,15,1,72,79.37,33,,,,66,4.53,4,,,,,,,,,,,,,,,,,,,,,,,,,47,31.22,3,47,6.39,0.5,,,,,,,,,,,,,70,34.46,2,,,,62,1.43,6,68,79.15,18
Nelore,FGP A2101,07/21,HEROICO FIV GUADALUPE,G,REMP 816,"15,18",2,77,89.37,3,65,1.1,1,65,4.4,5,42,-0.111,5,,,,,,,61,0.16,3,,,,,,,42,31.88,0.5,,,,46,31.16,3,46,4.14,6,,,,,,,,,,,,,67,32.04,3,,,,59,1.56,5,69,89.23,5
Nelore,REM 10846,09/19,REM INTER GEN. ADT,G,REM A192,"15,21",2,87,94.77,0.5,,,,86,4.39,5,,,,,,,53,-1.42,1,,,,,,,,,,,,,,,,53,31.14,3,53,2.64,19,,,,,,,,,,,,,89,30.06,5,,,,83,1.62,4,80,98.31,2
Nelore,FZNM 14815,11/19,MARATA 14815,G,REMC 8053,15,1,57,89.62,3,,,,60,6.55,0.5,,,,,,,,,,,,,,,,,,,,,,,,,44,31.13,3,44,2.13,28,,,,,,,,,,,,,71,37.54,1,,,,63,1.49,6,49,78.73,18
Nelore,EPCF 5754,01/22,5754 FIV DA TERRA BRA,G,REM A1553,15,1,71,85.17,10,,,,60,6.13,1,,,,,,,,,,,,,,,,,,,,,,,,,44,31.12,3,44,3.87,8,,,,,,,,,,,,,64,30.7,4,,,,56,1.51,5,68,87.68,7
Nelore,EAO A8881,07/18,8881 FIV DA EAO,G,REM 6447,"15,24",2,87,78.73,36,,,,73,6.28,0.5,,,,,,,50,-0.94,15,,,,,,,,,,,,,,,,52,31.11,3,52,8.14,0.1,53,10.76,0.1,,,,,,,,,,81,25.4,10,32,10.98,4,71,0.98,15,80,81.85,13
Nelore,EAO B5221,09/20,DEMOLIDOR FIV DA EAO,G,REM A1936,"15,18",2,73,83.42,16,88,1.1,1,90,3.86,8,73,-0.091,11,,,,,,,87,0.23,0.5,,,,,,,73,31.32,0.5,,,,48,31.11,3,48,3.47,10,,,,,,,,,,,,,93,29.85,5,,,,89,1.93,2,67,93.46,3
Nelore,ANP 1081,10/21,CORINGA DA ANP,G,REMP 816,"15,17,18,19,23,27,28",7,74,84.31,13,65,1.24,0.5,67,6.32,0.5,43,-0.121,4,,,,40,-0.74,34,62,0.23,0.5,43,38.74,0.1,,,,43,39.1,0.1,65,43.01,0.5,45,31.11,3,45,1.33,49,,,,,,,,,,,,,70,35.48,2,,,,61,2.24,0.5,67,84.84,9
Nelore,FANO 2523,11/19,DONALD DA AGRONOVA,G,MATI 1788,"15,18,19,28",4,85,81.87,22,74,1.19,1,77,5.28,2,56,-0.099,8,,,,45,-0.8,28,71,0.21,1,56,32.94,0.1,,,,56,33.79,0.1,,,,50,31.1,3,50,5.2,3,,,,,,,,,,,,,85,24.96,11,,,,73,1.11,12,82,98.1,2
Nelore,FVCP 1503,11/20,NEON FIV FVC,G,ACNP 3146,"15,29",2,85,89.33,3,80,0.65,6,81,3.82,8,,,,,,,47,-0.81,27,80,0.29,0.1,,,,,,,,,,,,,53,31.05,3,53,3.17,13,,,,,,,,,,,,,81,32.77,3,,,,74,1.84,2,81,98.92,1
Nelore,EPCF 5147,08/21,5147 FIV DA TERRA BRA,G,REMP 602,15,1,73,85.11,11,,,,62,3.97,7,,,,,,,,,,,,,,,,,,,,,,,,,42,31.04,3,42,7.09,0.1,,,,,,,,,,,,,63,25.97,9,,,,55,2.32,0.1,69,85.95,8
Nelore,OROP 2524,08/19,QUEBARNTE OROITE,G,REMC 8053,15,1,60,91.22,2,,,,64,5.69,1,,,,,,,,,,,,,,,,,,,,,,,,,49,31.02,3,49,2.81,17,,,,,,,,,,,,,73,29.93,5,,,,64,1.65,4,51,93.36,3
Nelore,FANO 2560,12/19,DRUIDO DA AGRONOVA,G,FANO 1509,"15,23",2,87,89.23,3,,,,92,5.71,1,,,,,,,58,-0.83,25,,,,,,,,,,,,,,,,55,30.97,3,55,1.69,38,,,,,,,,,,,,,93,34.71,2,,,,86,1.94,2,84,85.95,8
Nelore,CLRP 3045,07/22,QUAIAPAN DA CLR,G,FANO 2560,15,1,71,85.86,9,,,,63,5.41,2,,,,,,,,,,,,,,,,,,,,,,,,,44,30.93,3,44,3.38,11,,,,,,,,,,,,,66,34.57,2,,,,58,1.62,4,68,82.87,12
Nelore,GFC 1075,11/20,NERO DO MORRO,G,REM A1576,"15,18,19,28,29",5,73,82.89,18,78,1.57,0.1,81,5.14,3,42,-0.134,2,,,,38,-1.29,2,78,0.26,0.5,42,38.73,0.1,,,,42,40.84,0.1,,,,44,30.92,3,44,3.38,11,,,,,,,,,,,,,84,30.63,4,,,,74,1.72,3,67,93.75,3
Nelore,MNS 11259,06/21,11259 ALO BRASIL,G,SINO 1730,15,1,62,85.52,10,,,,67,6.18,0.5,,,,,,,,,,,,,,,,,,,,,,,,,40,30.9,3,45,3.95,7,,,,,,,,,,,,,70,29.56,5,,,,63,1.4,7,40,87.41,7
Nelore,REMP 1297,11/20,REM JORDAO GEN. ADT,G,REM A1811,"15,24",2,74,90.21,2,,,,74,3.91,7,,,,,,,44,-0.94,15,,,,,,,,,,,,,,,,46,30.86,3,46,6.53,0.5,46,8.72,1,,,,,,,,,,83,34.08,2,57,11.5,3,75,1.86,2,67,78.97,18
Nelore,PHOC 871,09/17,NETUNO STM,G,REMC 5326,15,1,83,88.68,4,,,,76,5.42,2,,,,,,,,,,,,,,,,,,,,,,,,,53,30.85,3,53,3,15,,,,,,,,,,,,,78,30.63,4,,,,74,1.64,4,82,92.95,3
Nelore,KAT 4916,11/20,4916 FIV KATISPERA,G,REMC 8332,15,1,61,84.76,12,,,,66,4.21,6,,,,,,,,,,,,,,,,,,,,,,,,,50,30.85,3,50,5.38,2,,,,,,,,,,,,,72,35.62,2,,,,65,2.21,0.5,57,78.02,20
Nelore,EAO B4556,08/20,DOMINATOR FIV EAO,G,LBMN D4685,"15,23",2,74,86.57,7,,,,68,4.31,5,,,,,,,45,-1.58,0.1,,,,,,,,,,,,,,,,50,30.8,3,50,6.75,0.5,,,,,,,,,,,,,74,25.21,10,,,,63,1.94,2,71,87.82,6
Nelore,EAO B4549,08/20,B4549 FIV DA EAO,G,LBMN D4685,"15,16",2,75,95.08,0.1,,,,69,2.23,21,,,,,,,,,,,,,,,,51,34.23,1,,,,,,,51,30.79,3,51,8.45,0.1,51,12.92,0.1,,,,78,10.33,21,,,,76,22.45,15,,,,65,1.04,14,72,98.11,2
Nelore,ANP 1501,12/21,CAMPARI DA ANP,G,REMP 816,"15,28",2,72,83.18,17,65,1.3,0.5,66,3.81,8,,,,,,,45,-0.85,23,,,,,,,,,,,,,,,,46,30.78,3,46,4.32,5,,,,,,,,,,,,,73,33.88,2,,,,63,1.7,3,70,88.94,6
Nelore,KPA 72,11/20,QUALITY KA,G,KAPO 330,15,1,72,92.47,1,,,,63,4.08,6,,,,,,,,,,,,,,,,,,,,,,,,,49,30.75,3,49,0.41,78,,,,,,,,,,,,,71,32.09,3,,,,63,2.49,0.1,68,98.48,2
Nelore,RDM A236,09/17,CORAL MAT.,G,REMC 5326,"15,27",2,86,86.08,8,87,0.09,36,89,7.7,0.1,,,,,,,67,-1.3,2,,,,,,,,,,,,,,,,67,30.71,3,67,2.96,15,,,,,,,,,,,,,94,29.24,6,,,,87,0.99,15,83,85.04,9
Nelore,GCGC 217,08/19,ASTI TE DA FURN,G,REMC A923,"15,19,27",3,86,81.24,24,73,0.54,8,74,6.68,0.1,40,-0.099,8,,,,45,-1.24,3,69,0.2,2,40,31.86,0.5,,,,,,,,,,48,30.71,3,48,2.96,15,,,,,,,,,,,,,75,30.72,4,,,,69,1.88,2,81,85.58,9
Nelore,AIB A3428,09/20,ALVO JL DA BAMA,,AZAN 2193,15,1,42,81.74,22,,,,47,5.36,2,,,,,,,,,,,,,,,,,,,,,,,,,41,30.7,3,47,2.55,20,,,,,,,,,,,,,41,34.22,2,,,,43,1.32,8,46,93.31,3
Nelore,EAO B5212,09/20,DELEGADO FIV DA EAO,G,ACNP 3146,15,1,72,95.53,0.1,,,,83,3.87,7,,,,,,,,,,,,,,,,,,,,,,,,,49,30.68,3,49,3.58,10,,,,,,,,,,,,,90,29.04,6,,,,84,1.24,9,68,99,1
Nelore,REM A2239,11/17,REM GRINGO GEN ADITIV,G,REM 9852,"15,21",2,87,92.13,1,,,,86,5.35,2,,,,,,,53,-0.97,13,,,,,,,,,,,,,,,,66,30.67,3,66,3.1,14,,,,,,,,,,,,,89,35.79,2,,,,79,1.58,5,81,82.17,13
Nelore,FVC 14867,08/20,TOKIO FIV FVC,G,ACNP 3146,"15,29",2,73,90.5,2,73,0.61,6,74,3.76,8,,,,,,,45,-1.27,2,65,0.3,0.1,,,,,,,,,,,,,50,30.66,3,50,2.57,20,,,,,,,,,,,,,80,33.12,3,,,,77,1.93,2,67,98.69,1
Nelore,CLRP 2613,09/20,SP8 DA CLR,G,ACNP 3146,15,1,73,80.45,28,,,,73,4.66,4,,,,,,,,,,,,,,,,,,,,,,,,,48,30.64,3,48,5.05,3,,,,,,,,,,,,,77,29.4,5,,,,66,1.81,3,67,95.15,2
Nelore,REMP 1214,09/20,REM JOALHEIRO GEN. AD,G,REM A1553,"15,27",2,84,83.92,14,74,0.49,9,76,6.66,0.5,,,,,,,41,-0.92,17,,,,,,,,,,,,,,,,45,30.62,4,45,4.75,4,,,,,,,,,,,,,78,24.09,12,,,,64,1.34,8,83,89.37,5
Nelore,CSCF 5499,09/19,VISUAL DE NAV.,G,REMC 9375,15,1,75,87.1,6,,,,70,4.09,6,,,,,,,,,,,,,,,,,,,,,,,,,45,30.6,4,45,6.81,0.5,,,,,,,,,,,,,88,25.25,10,,,,76,1.24,9,69,96.77,2
Nelore,KPAO 1180,09/21,RAZUK KA,G,KAPO 2331,15,1,74,79.79,31,,,,61,6.03,1,,,,,,,,,,,,,,,,,,,,,,,,,43,30.59,4,43,3.81,8,,,,,,,,,,,,,67,31.68,4,,,,59,0.84,19,67,86.57,8
Nelore,FLPE 8542,10/21,AZULEJO FIV DA COMETA,G,REMP 816,"15,23,28",3,73,83.23,16,63,1.31,0.5,63,2.97,14,,,,,,,42,-0.91,18,,,,,,,,,,,,,,,,44,30.52,4,44,4.67,4,,,,,,,,,,,,,73,30.45,5,,,,75,2.68,0.1,68,88.31,6
Nelore,FSPN 178,10/21,BUROCRATA FIV DA FHP,G,RDM A3064,15,1,73,85.86,9,,,,64,4.21,6,,,,,,,,,,,,,,,,,,,,,,,,,46,30.51,4,46,5.41,2,,,,,,,,,,,,,70,29.74,5,,,,60,1.29,9,69,82.79,12
Nelore,BOA A3055,09/21,PISTEIRO FIV TERRA BO,G,REM A1936,15,1,73,82.32,20,,,,62,4.9,3,,,,,,,,,,,,,,,,,,,,,,,,,45,30.51,4,45,2.95,15,,,,,,,,,,,,,67,34.96,2,,,,58,1.6,4,68,82.39,12
Nelore,FVCP 1351,09/20,GREGO FIV FVC,G,REM A1811,"15,24",2,74,86.07,8,,,,73,4.75,4,,,,,,,43,-1.32,2,,,,,,,,,,,,,,,,47,30.48,4,47,6.79,0.5,45,9.33,0.5,,,,,,,,,,83,26.84,8,48,9.82,7,75,1.65,4,69,88.65,6
Nelore,CSCN 21106,11/21,BARÃƒO NAVIRAÃ•,G,REMP 816,"15,28",2,74,93.07,1,62,1.19,1,64,3.5,10,,,,,,,43,-0.94,15,,,,,,,,,,,,,,,,46,30.45,4,46,2.06,29,,,,,,,,,,,,,69,34.14,2,,,,59,1.53,5,69,91.18,4
Nelore,PHOC 1893,10/20,1893 FIV PHOC,G,GRI B2887,"15,27",2,73,87.08,6,72,1,2,73,6.85,0.1,,,,,,,44,-1.19,4,,,,,,,,,,,,,,,,48,30.37,4,48,3.62,9,,,,,,,,,,,,,72,25.06,11,,,,60,0.97,16,67,98.8,1
Nelore,FVCP 1890,08/21,DARU FIV FVC,G,REMP 602,16,1,60,85.5,10,,,,,,,,,,,,,,,,,,,,,,46,40.65,0.1,,,,,,,46,38.02,0.1,,,,46,13.35,0.1,,,,63,19.7,2,,,,,,,,,,61,2.68,0.1,49,98.78,1
Nelore,RDM A6962,06/22,HITLER MAT.,G,REMP 602,16,1,73,83.27,16,,,,,,,,,,,,,,,,,,,,,,47,39.03,0.1,,,,,,,47,39.49,0.1,,,,46,10.52,0.1,,,,62,21.33,1,,,,,,,,,,60,2.8,0.1,66,93.73,3
Nelore,MCPJ 8108,07/22,8108S FIV JMP,G,REM A1576,"16,17,23,25",4,61,88.03,5,62,0.8,4,64,7.58,0.1,,,,,,,44,-1.2,4,,,,,,,48,39,0.1,,,,62,46.84,0.1,48,41.29,0.1,48,6.38,0.5,48,8.33,1,65,12.92,1,65,23.97,0.1,,,,68,38.77,0.5,,,,62,2.4,0.1,55,98.13,2
Nelore,SGN 1391,12/18,LUMIAR FIV DO CRISPIM,G,REM 6447,"16,17",2,86,86.03,8,64,0.66,5,65,8.73,0.1,,,,,,,,,,,,,,,,48,37.01,0.1,,,,64,48.11,0.1,48,40.29,0.1,,,,47,12.46,0.1,,,,68,19.56,2,,,,72,36.6,1,,,,63,1.15,11,82,89.46,5
Nelore,XRGM 4865,08/22,LANDROVER DA XARAES,G,XRGM 4111,"16,17,25,27,28",5,73,91.77,2,61,1.26,0.5,62,7.62,0.1,,,,,,,38,-1.34,2,,,,,,,41,36.26,0.1,,,,61,48.3,0.1,41,39.84,0.1,41,4.34,5,40,6.43,5,72,12.84,1,64,23.01,0.5,,,,66,38.3,1,,,,59,2.37,0.1,70,97.3,2
Nelore,JHVM 23887,08/22,JH FIV CAMPARINO,G,MMVA 2725,16,1,73,89.43,3,,,,,,,,,,,,,,,,,,,,,,48,35.97,0.5,,,,,,,48,35.76,0.5,,,,47,11.98,0.1,,,,65,14.02,10,,,,,,,,,,61,1.38,7,68,99.12,1
Nelore,RDM A6376,09/21,A6376 MAT. (GRANEL MA,G,REMP 602,16,1,73,85.67,9,,,,,,,,,,,,,,,,,,,,,,45,35.9,0.5,,,,,,,45,34.85,1,,,,45,8.74,1,,,,62,20.34,2,,,,,,,,,,58,2.11,1,67,90.57,4
Nelore,GCGC 442,07/22,COLISEU FIV GRUPO COS,G,REM A1936,"16,17",2,52,87.16,6,65,0.86,3,65,5.59,2,,,,,,,,,,,,,,,,43,35.43,0.5,,,,65,43.26,0.5,43,37.74,0.1,,,,46,6.26,5,,,,63,23.91,0.1,,,,69,41.44,0.1,,,,60,2.25,0.5,43,93.01,3
Nelore,JAPA 11059,12/21,11059 FIV JAPARANDUBA,G,RDM A99,16,1,61,90.36,2,,,,,,,,,,,,,,,,,,,,,,51,34.95,0.5,,,,,,,51,33.46,2,,,,50,11.13,0.1,,,,67,14.21,9,,,,,,,,,,64,1.1,12,52,99.15,0.1
Nelore,RGM 7523,09/21,OTIMIZADO FIV RG,G,REMP 602,16,1,74,83.65,15,,,,,,,,,,,,,,,,,,,,,,47,34.73,0.5,,,,,,,47,34.1,2,,,,45,7.27,3,,,,63,19.03,3,,,,,,,,,,59,2.54,0.1,68,96.97,2
Nelore,KAT 5463,11/21,NÃšCLEO FIV KATISPERA,G,KAT 4154,16,1,71,88.49,4,,,,,,,,,,,,,,,,,,,,,,40,34.35,1,,,,,,,40,35.21,0.5,,,,39,6.79,4,,,,63,20.96,1,,,,,,,,,,56,1.78,3,68,92.96,3
Nelore,EAO B7558,09/21,B7558 FIV DA EAO,G,REM A1936,16,1,63,92.65,1,,,,,,,,,,,,,,,,,,,,,,50,34.04,1,,,,,,,50,33.2,2,,,,49,6.85,4,,,,69,19.82,2,,,,,,,,,,64,1.74,3,54,94.63,3
Nelore,MDLO 2366,09/21,I2366 DA MDLO,G,SINO 1730,17,1,,,,63,1.17,1,62,7.57,0.1,,,,,,,,,,,,,,,,,,,,,,62,46.19,0.1,45,35.57,0.5,,,,,,,,,,,,,,,,68,35.56,2,,,,,,,,,
Nelore,ALQ 2431,08/22,2431 ESALQ,G,REM A1576,17,1,,,,63,0.77,4,64,6.81,0.1,,,,,,,,,,,,,,,,,,,,,,63,43.79,0.1,39,33.15,2,,,,,,,,,,,,,,,,70,37.37,1,,,,,,,,,
Nelore,JAPA 11028,12/21,11028 FIV JAPARANDUBA,G,SINO 1730,"17,18,19",3,,,,65,0.39,12,66,7.04,0.1,48,-0.183,0.5,,,,,,,61,0.17,3,48,35.65,0.1,,,,48,32.4,0.5,65,43.23,0.5,50,34.55,1,,,,,,,,,,,,,,,,69,37.69,1,,,,,,,,,
Nelore,VIV 5156,09/21,OMÃƒ FIV PRONEL,G,REM A1936,17,1,,,,63,1.03,2,64,6.15,1,,,,,,,,,,,,,,,,,,,,,,63,43.2,0.5,32,33.52,2,,,,,,,,,,,,,,,,68,37.8,1,,,,,,,,,
Nelore,FVC 15210,09/20,MIL FIV FVC,G,ACNP 3146,17,1,,,,44,0.02,58,68,5.08,3,,,,,,,,,,,,,,,,,,,,,,44,43.18,0.5,44,35.75,0.5,,,,,,,,,,,,,,,,73,48.59,0.1,,,,,,,,,
Nelore,XIKU 6965,06/20,FAVERO,G,REM A1576,17,1,,,,64,0.57,7,66,6.01,1,,,,,,,,,,,,,,,,,,,,,,64,42.82,0.5,43,34.44,1,,,,,,,,,,,,,,,,69,40.58,0.5,,,,,,,,,
Nelore,FLPE 8541,10/21,ANGICO FIV DA COMETA,G,REMP 816,"17,18,19",3,,,,65,1.37,0.5,66,5.58,2,43,-0.072,22,,,,,,,59,0.3,0.1,43,37.41,0.1,,,,43,39.29,0.1,65,42.7,0.5,46,32.03,3,,,,,,,,,,,,,,,,71,37.51,1,,,,,,,,,
Nelore,FANO 3387,12/20,ECRAN DA AGRONOVA,G,RDM A83,17,1,,,,67,0.21,21,68,7,0.1,,,,,,,,,,,,,,,,,,,,,,67,42.6,0.5,40,31.22,3,,,,,,,,,,,,,,,,69,37.9,1,,,,,,,,,
Nelore,ANP 1101,10/21,CAPITÃƒO DA ANP,G,REMP 816,"17,18,19",3,,,,62,1.22,1,62,6.46,0.5,42,-0.023,53,,,,,,,59,0.2,2,42,34.19,0.1,,,,42,34.81,0.1,62,42.41,0.5,30,30.19,4,,,,,,,,,,,,,,,,68,34.01,2,,,,,,,,,
Nelore,REMQ 23,07/22,REM MAGISTRADO FIV GE,G,REM A1576,17,1,,,,62,0.99,2,62,5.67,2,,,,,,,,,,,,,,,,,,,,,,62,42.36,0.5,43,33.4,2,,,,,,,,,,,,,,,,67,38.82,0.5,,,,,,,,,
Nelore,REMC A4890,11/21,REM4890L GENETICA ADI,G,REMP 816,"18,19",2,,,,65,1.58,0.1,66,5.1,3,45,-0.057,31,,,,,,,63,0.16,3,45,35.01,0.1,,,,45,37.06,0.1,,,,49,29.84,4,,,,,,,,,,,,,,,,71,35.94,2,,,,,,,,,
Nelore,RDM A5458,07/21,A5458 MAT. (GUAPORE,M,G REMP 816,"18,19",2,,,,66,1.29,0.5,66,4.91,3,49,-0.082,16,,,,,,,62,0.25,0.5,49,35.25,0.1,,,,49,36.96,0.1,,,,36,33.33,2,,,,,,,,,,,,,,,,71,39.37,0.5,,,,,,,,,
Nelore,EAO B1830,08/19,CAPITAL FIV DA EAO,G,LBMN D4685,"18,19",2,,,,66,1.43,0.1,67,3.2,12,44,-0.145,2,,,,,,,62,0.27,0.1,44,33.15,0.1,,,,44,36.03,0.1,,,,51,28.52,5,,,,,,,,,,,,,,,,75,27.03,8,,,,,,,,,
Nelore,HORA 3948,07/19,ITO TE DA HORA,G,REMC 5326,"18,19",2,,,,69,0.78,4,69,5.82,1,50,-0.24,0.1,,,,,,,63,0.23,0.5,50,37.04,0.1,,,,50,35.65,0.1,,,,51,30.2,4,,,,,,,,,,,,,,,,76,25.5,10,,,,,,,,,
Nelore,BOA A3238,06/22,QUARTZO FIV TERRA BOA,G,REM A1936,"18,19",2,,,,62,1.39,0.1,61,4.54,4,40,-0.16,1,,,,,,,57,0.1,9,40,34.4,0.1,,,,40,35.28,0.1,,,,45,30.13,4,,,,,,,,,,,,,,,,68,29.04,6,,,,,,,,,
Nelore,EAO B4846,08/20,DECRETO FIV DA EAO,G,LBMN D4685,"18,19,28",3,76,93.17,1,73,1.67,0.1,74,3.15,13,46,-0.12,4,,,,47,-1.3,2,64,0.14,4,46,31.62,0.5,,,,46,34.6,0.1,,,,50,29.03,5,,,,,,,,,,,,,,,,77,24.89,11,,,,,,,,,
Nelore,PHOC 1882,10/20,1882 FIV PHOC,G,GRI B2887,"18,19",2,,,,67,1.14,1,68,6.17,0.5,42,-0.063,27,,,,,,,63,0.21,1,42,34.19,0.1,,,,42,34.57,0.1,,,,31,32.62,2,,,,,,,,,,,,,,,,70,31.41,4,,,,,,,,,
Nelore,REM 12551,08/22,REM MAESTRO GENETICA,G,REMP 816,"18,19",2,,,,61,1.48,0.1,62,5.12,3,46,-0.078,19,,,,,,,58,0.15,4,46,33,0.1,,,,46,34.56,0.1,,,,32,27.75,6,,,,,,,,,,,,,,,,66,24.25,12,,,,,,,,,
Nelore,REM 11271,08/20,REM JATO GEN. ADT,G,REM A1576,"18,19,28",3,86,88.33,4,81,1.39,0.1,82,5.29,2,68,-0.039,43,,,,46,-1.23,3,82,0.19,2,68,32.45,0.5,,,,68,34.12,0.1,,,,48,29.8,4,,,,,,,,,,,,,,,,90,28.71,6,,,,,,,,,
Nelore,EAO B4381,08/20,DUCATTI DA EAO,G,REM A1936,"18,19,28",3,44,91.3,2,70,1.19,1,71,5.62,2,46,-0.1,8,,,,43,-1.14,5,59,0.1,9,46,32.9,0.1,,,,46,32.9,0.5,,,,33,28.64,5,,,,,,,,,,,,,,,,83,29.47,5,,,,,,,,,
Nelore,FLPE 8552,10/21,APEROL FIV DA COMETA,G,JHVM 17499,18,1,,,,57,1.98,0.1,58,2.4,19,46,-0.032,47,,,,,,,51,0.15,4,,,,,,,46,32.64,0.5,,,,40,20.83,17,,,,,,,,,,,,,,,,60,17.18,25,,,,,,,,,
Nelore,EAO B1789,08/19,1789 FIV DA EAO,G,LBMN D4685,"18,19",2,,,,86,0.63,6,85,4.62,4,56,-0.219,0.1,,,,,,,85,0.24,0.5,56,33.18,0.1,,,,56,32.27,0.5,,,,51,28.83,5,,,,,,,,,,,,,,,,88,30.21,5,,,,,,,,,
Nelore,HORA 5989,10/21,LA PORTE TE DA HORA,G,HORA 3150,"18,19,29",3,71,89.36,3,66,0.21,21,65,4.95,3,44,-0.27,0.1,,,,45,-1.2,4,61,0.32,0.1,44,34.18,0.1,,,,44,32.03,0.5,,,,48,29.54,4,,,,,,,,,,,,,,,,74,31.83,4,,,,,,,,,
Nelore,CANO 4730,10/21,DEPORTE,G,REM A1936,18,1,,,,61,1.44,0.1,62,4.61,4,43,-0.023,53,,,,,,,57,0.12,7,,,,,,,43,31.82,0.5,,,,46,27.26,7,,,,,,,,,,,,,,,,68,30.25,5,,,,,,,,,
Nelore,MNS 9278,07/18,TROOPER DA ALO BRASIL,G,REMC 5326,"18,19,27",3,86,83.24,16,81,1.08,1,83,6.79,0.1,57,-0.072,22,,,,55,-1.3,2,74,0.06,20,57,32.83,0.5,,,,57,31.72,0.5,,,,56,29.45,4,,,,,,,,,,,,,,,,88,28.63,6,,,,,,,,,
Nelore,KAT 4527,09/20,4527 FIV KATISPERA,G,REM A1936,19,1,,,,65,0.83,3,65,6.04,1,44,-0.16,1,,,,,,,59,0.02,38,44,32.12,0.5,,,,,,,,,,46,30.29,4,,,,,,,,,,,,,,,,70,28.57,6,,,,,,,,,
Nelore,GRI C1877,11/20,PIRATA DA S.NICE,G,COL 23568,"19,29",2,76,72.04,64,65,0.43,11,64,5.72,1,41,-0.111,5,,,,43,-1.15,5,60,0.37,0.1,41,31.56,0.5,,,,,,,,,,46,30.31,4,,,,,,,,,,,,,,,,73,29.67,5,,,,,,,,,
Nelore,MNS 10509,07/20,D50 DA ALO BRASIL,G,FPO 2683,21,1,84,95.75,0.1,,,,,,,,,,,,,43,-1.37,1,,,,,,,,,,,,,,,,46,28.68,5,46,4.15,6,,,,,,,,,,,,,,,,,,,83,1.72,3,80,84.52,10
Nelore,CSCC 5339,12/14,POKEMOM FIV DE NAVIRA,G,REMC 5326,"21,22",2,90,94.65,0.5,,,,,,,,,,,,,65,-1.89,0.1,,,,,,,,,,,,,,,,71,22.41,14,71,2.63,19,,,,,,,,,,,,,91,16.32,27,,,,84,0.94,16,85,91.81,4
Nelore,REMC 7592,11/13,REM CAMPO GRANDE,,REM 5589,21,1,83,94.64,0.5,,,,,,,,,,,,,75,-1.21,3,,,,,,,,,,,,,,,,40,20.48,18,68,2.2,26,,,,,,,,,,,,,,,,,,,88,1.08,13,79,80.66,15
Nelore,EPCF 2954,09/18,2954 FIV DA TERRA BRA,G,REMC 9094,21,1,85,94.6,0.5,,,,,,,,,,,,,47,-1.52,0.1,,,,,,,,,,,,,,,,48,22.69,14,48,1.45,44,,,,,,,,,,,,,,,,,,,68,1.49,6,83,88.25,6
Nelore,REM A2103,10/17,REM GUAPORE,G,REM 7259,21,1,86,94.27,0.5,,,,,,,,,,,,,57,-1.15,5,,,,,,,,,,,,,,,,60,22.98,13,60,1.84,34,,,,,,,,,,,,,,,,,,,81,1.17,11,82,87.64,7
Nelore,RDM 8999,08/16,BALBEC MAT.,G,RDM 7045,21,1,88,94.25,0.5,,,,,,,,,,,,,71,-1.03,10,,,,,,,,,,,,,,,,72,20.95,17,72,1.93,32,,,,,,,,,,,,,,,,,,,91,0.62,27,82,84.76,9
Nelore,REM 7743,09/12,REM BLOCK,G,REM 4677,"21,22",2,89,94.12,0.5,,,,,,,,,,,,,72,-1.34,2,,,,,,,,,,,,,,,,75,22.42,14,75,3.85,8,,,,,,,,,,,,,95,19.91,19,,,,88,0.78,21,86,86.16,8
Nelore,COL 24926,11/16,QUICKMAN FIV COL,G,REMC 5326,21,1,77,93.52,0.5,,,,,,,,,,,,,67,-1.25,3,,,,,,,,,,,,,,,,68,27.96,6,68,3.65,9,,,,,,,,,,,,,,,,,,,87,1.52,5,71,97.97,2
Nelore,JHVM 18371,08/19,FORD FIV CAMPARINO,G,REMC 5326,21,1,85,93.22,1,,,,,,,,,,,,,64,-1.35,1,,,,,,,,,,,,,,,,60,27.7,6,60,3.05,14,,,,,,,,,,,,,,,,,,,92,0.97,16,81,89.59,5
Nelore,CSCN 15658,08/16,NAVIRAI FIV SURREAL,G,REMC 5326,"21,22",2,87,93.12,1,,,,,,,,,,,,,63,-1.35,1,,,,,,,,,,,,,,,,66,23.81,12,66,1.51,42,,,,,,,,,,,,,90,19.29,21,,,,84,1.14,11,84,91.14,4
Nelore,API 3787,09/16,ARMADOR FIV DO API,G,REMC 5326,21,1,86,93.1,1,,,,,,,,,,,,,52,-1.27,2,,,,,,,,,,,,,,,,55,26.52,8,55,2.03,30,,,,,,,,,,,,,,,,,,,73,1.47,6,84,94.98,3
Nelore,RDM 5102,08/11,RUBAIAH MAT.,G,L4810,21,1,79,93.05,1,,,,,,,,,,,,,68,-1.37,1,,,,,,,,,,,,,,,,73,21.49,16,73,2.32,24,,,,,,,,,,,,,,,,,,,85,0.66,25,78,85.5,9
Nelore,MGLP 592,10/16,BAETI 38 FIV DA BACUR,G,REMC 5326,21,1,87,92.81,1,,,,,,,,,,,,,49,-1.36,1,,,,,,,,,,,,,,,,44,25.71,9,54,1.35,48,,,,,,,,,,,,,,,,,,,74,1.07,13,83,90.8,4
Nelore,REM 9852,11/14,REM DITADO,G,REMC 4820,21,1,87,92.56,1,,,,,,,,,,,,,61,-1.11,6,,,,,,,,,,,,,,,,69,25.88,9,69,2.4,23,,,,,,,,,,,,,,,,,,,84,0.73,23,83,81.51,14
Nelore,REM 8933,10/13,REM CALDONEGRO,G,REM 5589,"21,22",2,95,92.41,1,,,,,,,,,,,,,89,-1.19,4,,,,,,,,,,,,,,,,91,29.4,5,91,4.39,5,,,,,,,,,,,,,99,32.33,3,,,,95,0.8,21,91,91.8,4
Nelore,REM A192,09/15,REM ESTEIO,G,REM 7259,21,1,87,92.29,1,,,,,,,,,,,,,54,-1.2,4,,,,,,,,,,,,,,,,63,21.75,15,63,1.93,32,,,,,,,,,,,,,,,,,,,81,1.28,9,81,79.74,17
Nelore,REMP 816,10/18,REM HERMOSO FIV GEN A,G,REM A7,"21,23,28",3,91,92.23,1,98,1.22,1,96,4,7,,,,,,,84,-0.94,15,,,,,,,,,,,,,,,,81,29.42,5,83,1.75,36,,,,,,,,,,,,,98,34.65,2,,,,97,2.17,0.5,81,82.23,13
Nelore,BOA A1421,08/17,KENZO TERRA BOA,G,REMC 5326,21,1,84,92.2,1,,,,,,,,,,,,,54,-1.47,0.5,,,,,,,,,,,,,,,,56,26,8,56,3.76,8,,,,,,,,,,,,,,,,,,,77,0.95,16,82,89,6
Nelore,REMC 9828,10/15,REM EL TORO,G,REM 5531,"21,22",2,91,92.15,1,,,,,,,,,,,,,79,-1.03,10,,,,,,,,,,,,,,,,78,22.83,13,78,3.41,11,,,,,,,,,,,,,98,14.82,32,,,,92,1.43,6,81,91.44,4
Nelore,FVC 12296,06/17,TORNADO FVC,G,FVC 9681,21,1,91,92.01,1,,,,,,,,,,,,,80,-1.12,6,,,,,,,,,,,,,,,,78,25.38,9,78,2.19,27,,,,,,,,,,,,,,,,,,,93,0.81,20,84,93.4,3
Nelore,RDM A2233,07/19,ENSINO MAT.,G,BONS 3108,21,1,87,92.01,1,,,,,,,,,,,,,56,-1.23,3,,,,,,,,,,,,,,,,54,26.42,8,54,1.84,34,,,,,,,,,,,,,,,,,,,83,1.53,5,83,95.09,2
Nelore,HORA 3986,08/19,INVENCIVEL DA HORA,G,REMC 8053,21,1,87,91.75,2,,,,,,,,,,,,,69,-1.02,10,,,,,,,,,,,,,,,,62,28.95,5,62,3.76,8,,,,,,,,,,,,,,,,,,,91,0.91,17,82,82.09,13
Nelore,MGLP 515,10/15,AETÃ‰ 31 FIV DA BACUR,G,REMC 5326,21,1,58,91.68,2,,,,,,,,,,,,,44,-1.34,2,,,,,,,,,,,,,,,,43,24.96,10,48,2.84,17,,,,,,,,,,,,,,,,,,,64,1.53,5,43,78.88,18
Nelore,REM 9862,11/14,REM DIFTOX,G,REM 4787,21,1,87,91.54,2,,,,,,,,,,,,,50,-1.34,2,,,,,,,,,,,,,,,,57,25.6,9,57,5.31,2,,,,,,,,,,,,,,,,,,,75,0.57,29,83,73.03,30
Nelore,FBFM 8950,09/18,PORTO DO BATUQUE,G,FBFM 6505,"21,28",2,87,91.41,2,87,1.18,1,88,3.85,8,,,,,,,65,-1.08,7,,,,,,,,,,,,,,,,74,25.71,9,74,2.22,26,,,,,,,,,,,,,91,22.13,15,,,,88,0.96,16,81,90.79,4
Nelore,MATI 1624,08/14,VIGOR MATI,G,RDM 5624,21,1,85,91.25,2,,,,,,,,,,,,,61,-0.97,13,,,,,,,,,,,,,,,,66,23.69,12,66,3.48,10,,,,,,,,,,,,,,,,,,,80,0.59,28,84,83.99,10
Nelore,REM A159,09/15,REM EIXOO,G,REM 7121,21,1,87,91.24,2,,,,,,,,,,,,,49,-1.13,5,,,,,,,,,,,,,,,,55,24.97,10,55,4.68,4,,,,,,,,,,,,,,,,,,,78,0.97,16,83,73.52,29
Nelore,REM A1811,09/17,REM GLADIADOR GEN ADT,G,REMC 8332,"21,24",2,90,90.97,2,,,,,,,,,,,,,82,-1.25,3,,,,,,,,,,,,,,,,82,27.72,6,84,5.74,2,83,8.03,2,,,,,,,,,,97,27.36,8,46,12.06,2,93,1.14,11,82,77.18,21
Nelore,REM 7121,10/11,REM ALLON,G,REM 3787,21,1,88,90.96,2,,,,,,,,,,,,,71,-1.17,4,,,,,,,,,,,,,,,,33,22.31,14,77,5.33,2,,,,,,,,,,,,,,,,,,,33,0.59,28,88,77.3,21
Nelore,REMC A223,08/16,REM FORMOSO,G,REMC 5326,"21,22",2,87,90.96,2,,,,,,,,,,,,,75,-1.17,4,,,,,,,,,,,,,,,,74,29.78,4,74,2.73,18,,,,,,,,,,,,,94,30.33,5,,,,91,1.3,8,82,94.66,3
Nelore,AZAP 196,08/09,GRAFITE DA BELA,G,AZAN 5,21,1,91,90.92,2,,,,,,,,,,,,,69,-0.92,17,,,,,,,,,,,,,,,,74,22.11,15,74,6.04,1,,,,,,,,,,,,,,,,,,,87,1,15,88,80.2,16
Nelore,JCGG 15015,10/19,CENARIO DA AGUA FRIA,G,JCGG 9251,21,1,33,90.52,2,,,,,,,,,,,,,38,-1.08,7,,,,,,,,,,,,,,,,33,24.68,10,40,4.05,7,,,,,,,,,,,,,,,,,,,68,0.81,20,58,76.52,23
Nelore,MMVA 2281,11/17,ECLIPSE FIV DA JACAMI,G,RDM 5624,21,1,86,90.5,2,,,,,,,,,,,,,59,-0.92,17,,,,,,,,,,,,,,,,61,25.56,9,61,4.81,4,,,,,,,,,,,,,,,,,,,79,1.16,11,83,84.45,10
Nelore,RDM 8948,08/16,BARRO BRANCO MAT.,G,MNS 5612,21,1,86,90.37,2,,,,,,,,,,,,,46,-1.38,1,,,,,,,,,,,,,,,,50,20.89,17,50,3.83,8,,,,,,,,,,,,,,,,,,,69,1.45,6,84,73.16,30
Nelore,GRI B8798,11/18,B8798 DA S.NICE,G,REM A7,21,1,84,90.35,2,,,,,,,,,,,,,50,-1.66,0.1,,,,,,,,,,,,,,,,53,26.34,8,53,2.16,27,,,,,,,,,,,,,,,,,,,72,1.47,6,82,87.23,7
Nelore,RDM 6022,09/12,SARTRE MAT.,G,LBMN C8288,22,1,87,92.01,1,,,,,,,,,,,,,52,-1.18,4,,,,,,,,,,,,,,,,53,24.96,10,53,2.56,20,,,,,,,,,,,,,82,25.33,10,,,,,,,84,98.23,2
Nelore,LBMN D4685,09/09,D4685 DA MN (CAMPEÃƒO,G,LBMN D1484,"22,24",2,96,82.6,19,,,,,,,,,,,,,91,-0.92,17,,,,,,,,,,,,,,,,95,23.02,13,95,5.9,1,94,7.1,3,,,,,,,,,,98,16.23,28,87,9.68,8,,,,96,97.3,2
Nelore,EAO A5084,09/16,NITRO FIV DA EAO,G,REMC 5326,22,1,87,79.56,32,,,,,,,,,,,,,67,-1.09,7,,,,,,,,,,,,,,,,70,25.54,9,70,3.09,14,,,,,,,,,,,,,92,21.73,16,,,,,,,85,96.92,2
Nelore,REM A149,09/15,REM EMBAIXADOR,G,REMC 5326,"22,23",2,90,90.04,3,,,,,,,,,,,,,76,-1.11,6,,,,,,,,,,,,,,,,76,28.16,6,76,2.76,18,,,,,,,,,,,,,97,25.8,10,,,,90,2.74,0.1,83,95.65,2
Nelore,EAO A2958,09/15,UNICO FIV DA EAO,G,LBMN D4685,"22,24",2,86,80.46,28,,,,,,,,,,,,,52,-0.75,32,,,,,,,,,,,,,,,,56,23.17,13,56,5.85,1,56,8.15,2,,,,,,,,,,86,16.27,28,35,12.91,1,,,,82,94.94,3
Nelore,BRMG 2299,08/15,ZAPP BEABISA,G,REMC 5326,22,1,91,87.34,6,,,,,,,,,,,,,86,-1.25,3,,,,,,,,,,,,,,,,87,27.26,7,87,5.05,3,,,,,,,,,,,,,99,21.95,16,,,,,,,90,92.11,4
Nelore,AZAN 1910,07/15,NEMO DA BELA,G,COL 20199,22,1,74,88.63,4,,,,,,,,,,,,,47,-0.94,15,,,,,,,,,,,,,,,,47,23.65,12,47,3.41,11,,,,,,,,,,,,,75,22.66,14,,,,,,,69,92.02,4
Nelore,EAO A3671,11/15,URANIO DA EAO,G,REM 5531,22,1,86,77.23,43,,,,,,,,,,,,,76,-1,11,,,,,,,,,,,,,,,,74,23.71,12,74,3.46,10,,,,,,,,,,,,,94,24.06,12,,,,,,,84,91.32,4
Nelore,LBMN D6829,10/11,EROS DA MN,G,LBMN D1564,22,1,74,86.06,8,,,,,,,,,,,,,44,-1.24,3,,,,,,,,,,,,,,,,49,21.33,16,49,2.96,15,,,,,,,,,,,,,74,17.79,24,,,,,,,73,91.15,4
Nelore,GRI B5012,09/15,B5012 FIV DA S.NICE,G,REMC 3462,22,1,87,78.69,36,,,,,,,,,,,,,57,-0.67,41,,,,,,,,,,,,,,,,59,23.36,12,59,3.17,13,,,,,,,,,,,,,82,21.47,16,,,,,,,84,90.63,4
Nelore,FVC 11452,09/16,EGITO FVC,G,FVC 8596,22,1,86,85.2,10,,,,,,,,,,,,,66,-1.04,9,,,,,,,,,,,,,,,,71,20.75,17,71,2.21,26,,,,,,,,,,,,,93,21.47,16,,,,,,,80,89.87,5
Nelore,REMC 9891,10/15,REM ESCOLA II,G,REM 4677,22,1,86,87.28,6,,,,,,,,,,,,,53,-1.06,8,,,,,,,,,,,,,,,,58,22.98,13,58,3.4,11,,,,,,,,,,,,,84,20.13,19,,,,,,,81,89.82,5
Nelore,REM A883,08/16,REM FANTASTICO,G,REM 6447,22,1,89,89.08,3,,,,,,,,,,,,,60,-0.97,13,,,,,,,,,,,,,,,,64,25.32,9,64,5.58,2,,,,,,,,,,,,,91,18.13,23,,,,,,,82,89.72,5
Nelore,CSCN 14735,08/15,NAVIRAI ROE FIV,G,REMC 5326,22,1,87,78.6,37,,,,,,,,,,,,,61,-1.2,4,,,,,,,,,,,,,,,,64,22.22,14,64,2.25,25,,,,,,,,,,,,,90,18.16,23,,,,,,,84,89.61,5
Nelore,REMC 5326,08/11,REM ARMADOR,G,REMC 3462,22,1,99,87.94,5,,,,,,,,,,,,,96,-1.27,2,,,,,,,,,,,,,,,,95,24.35,11,95,2.39,23,,,,,,,,,,,,,97,20.29,19,,,,,,,97,88.5,6
Nelore,XRGM 3707,07/16,EFICAZ DA XARAES,G,REM 5531,22,1,41,90.79,2,,,,,,,,,,,,,46,-1.38,1,,,,,,,,,,,,,,,,36,24.49,11,47,3.59,10,,,,,,,,,,,,,71,23.61,13,,,,,,,36,88.26,6
Nelore,GREN A2618,08/16,MASTER DA GREN.,G,LBMN D4685,22,1,87,84.56,12,,,,,,,,,,,,,60,-1.15,5,,,,,,,,,,,,,,,,63,19.64,19,63,2.21,26,,,,,,,,,,,,,91,16.97,26,,,,,,,84,88.22,6
Nelore,KAPM 3857,09/13,JAYAD KA,G,AAAP 1653,22,1,87,85.88,9,,,,,,,,,,,,,54,-0.89,19,,,,,,,,,,,,,,,,62,31.3,3,62,6.43,0.5,,,,,,,,,,,,,86,27.6,7,,,,,,,86,88.08,6
Nelore,REMC 9375,09/15,REM EL GUAPO,G,REMC 5326,22,1,92,86.36,8,,,,,,,,,,,,,84,-1.3,2,,,,,,,,,,,,,,,,86,23.06,13,86,2.76,18,,,,,,,,,,,,,96,19.32,21,,,,,,,86,87.95,6
Nelore,AIA A8692,09/09,TIGRE DA JANDAIA,G,CEN 3120,22,1,86,86.38,8,,,,,,,,,,,,,62,-1.13,5,,,,,,,,,,,,,,,,64,27.61,6,64,3.92,7,,,,,,,,,,,,,92,27.05,8,,,,,,,87,87.23,7
Nelore,REMC A331,08/16,REM FORRO,G,REM 8933,22,1,87,84.78,12,,,,,,,,,,,,,62,-1.35,1,,,,,,,,,,,,,,,,66,24.94,10,66,3.27,12,,,,,,,,,,,,,91,22.52,15,,,,,,,84,87.17,7
Nelore,AZAN 1224,08/10,HOBBY FIV DA BELA,G,AZAN 5,22,1,85,85.43,10,,,,,,,,,,,,,44,-1.17,4,,,,,,,,,,,,,,,,52,23.55,12,52,3.64,9,,,,,,,,,,,,,78,21.51,16,,,,,,,81,87.06,7
Nelore,JHVM 12659,10/14,JHVM 12659 FIV(FENOME,G,LBMN D4685,22,1,88,82.18,20,,,,,,,,,,,,,75,-0.8,28,,,,,,,,,,,,,,,,77,22.36,14,77,4.95,3,,,,,,,,,,,,,92,19.58,20,,,,,,,86,86.95,7
Nelore,GRI B5281,11/15,B5281 FIV DA S.NICE,G,REM 6447,22,1,85,81.24,24,,,,,,,,,,,,,58,-1.05,9,,,,,,,,,,,,,,,,61,23.03,13,61,2.32,24,,,,,,,,,,,,,85,20.35,18,,,,,,,83,86.88,7
Nelore,LBMN D6595,08/11,D6595 DA MN,G,LBMN D1288,22,1,87,88.14,5,,,,,,,,,,,,,76,-0.8,28,,,,,,,,,,,,,,,,80,19.25,20,80,3.2,13,,,,,,,,,,,,,97,12.09,40,,,,,,,89,86.54,8
Nelore,REM 6277,09/10,REM VINICULTOR,,REM 4237,22,1,70,87.98,5,,,,,,,,,,,,,58,-1.09,7,,,,,,,,,,,,,,,,64,18.96,21,64,1.83,34,,,,,,,,,,,,,73,12.67,38,,,,,,,68,86.52,8
Nelore,COL 23568,12/14,OPERARIO COL,G,REM 5531,"22,24",2,88,74.14,57,,,,,,,,,,,,,77,-0.93,16,,,,,,,,,,,,,,,,77,26.06,8,77,6.54,0.5,78,8.8,1,,,,,,,,,,97,23.27,13,42,12.79,1,,,,82,86.48,8
Nelore,BONS 2612,08/13,MARANHAO BONS,G,REM 4668,22,1,85,69.63,71,,,,,,,,,,,,,61,-0.85,23,,,,,,,,,,,,,,,,66,23.09,13,66,1.91,32,,,,,,,,,,,,,89,26.11,9,,,,,,,85,86.39,8
Nelore,RDM 5624,10/11,RASTAN MAT.,G,REMC 3462,22,1,91,82.28,20,,,,,,,,,,,,,83,-1.07,8,,,,,,,,,,,,,,,,85,19.58,19,85,1.84,34,,,,,,,,,,,,,99,20.16,19,,,,,,,89,86.28,8
Nelore,COL A9127,11/09,IMPONENTE FIV COL,G,MANA B8734,22,1,85,79.3,33,,,,,,,,,,,,,52,-0.72,36,,,,,,,,,,,,,,,,62,16.74,26,62,2.49,21,,,,,,,,,,,,,89,13.69,35,,,,,,,84,86.25,8
Nelore,FBFM 6505,09/15,MAP DO BATUQUE,G,REMC 5326,22,1,90,80.55,27,,,,,,,,,,,,,76,-1.09,7,,,,,,,,,,,,,,,,79,20.69,17,79,2.74,18,,,,,,,,,,,,,96,14.28,33,,,,,,,82,86.01,8
Nelore,FVC 8596,10/12,FARAO FIV FVC,G,REM 5531,22,1,92,87.9,5,,,,,,,,,,,,,84,-0.8,28,,,,,,,,,,,,,,,,86,21.36,16,86,2.38,23,,,,,,,,,,,,,99,20.31,19,,,,,,,91,85.97,8
Nelore,GRI B2887,07/13,B2887 DA S.NICE,G,AAAP 1653,22,1,87,85.37,10,,,,,,,,,,,,,75,-0.96,14,,,,,,,,,,,,,,,,75,20.13,18,75,1.96,31,,,,,,,,,,,,,97,18.91,21,,,,,,,82,85.91,8
Nelore,ACF 3522,11/14,ADAMO FIV KUBERA,G,LBMN D4685,"22,30",2,87,81.54,23,75,0.42,11,78,2.11,22,39,-0.307,0.1,44,-0.347,0.5,57,-0.8,28,,,,,,,,,,,,,,,,59,20.68,17,59,2.23,26,,,,,,,,,,,,,90,20.69,18,,,,,,,84,85.85,8
Nelore,JHVM 18362,08/19,FAROEST FIV CAMPARINO,G,REM A563,23,1,85,91.22,2,,,,,,,,,,,,,38,-1.5,0.5,,,,,,,,,,,,,,,,43,27.65,6,43,2.91,16,,,,,,,,,,,,,70,27.37,8,,,,60,2.43,0.1,,,
Nelore,REMC A3750,09/20,REM JATOBA GEN. ADT,G,REM A1576,23,1,85,84.3,13,,,,,,,,,,,,,41,-1.22,3,,,,,,,,,,,,,,,,44,27.89,6,44,2,30,,,,,,,,,,,,,83,30.29,5,,,,70,2.32,0.1,,,
Nelore,RDM A2162,07/19,ESCOBAR MAT.,G,BONS 3108,23,1,86,78.28,38,,,,,,,,,,,,,51,-0.53,58,,,,,,,,,,,,,,,,55,23.37,12,55,2.42,23,,,,,,,,,,,,,80,23.57,13,,,,73,2.3,0.5,,,
Nelore,REMP 1083,10/19,REM IMPERIO GEN. ADT,G,JHVM 14716,23,1,84,73.96,57,,,,,,,,,,,,,49,-0.78,30,,,,,,,,,,,,,,,,50,28.37,6,50,1.41,45,,,,,,,,,,,,,84,30.24,5,,,,72,2.3,0.5,,,
Nelore,EAO B1348,08/19,CAMAROTE FIV DA EAO,G,BONS 3108,23,1,73,85.45,10,,,,,,,,,,,,,50,-1.1,7,,,,,,,,,,,,,,,,52,28.05,6,52,4.91,3,,,,,,,,,,,,,84,25.06,11,,,,71,2.3,0.5,,,
Nelore,REM A1936,10/17,REM GARANTIDO,G,REM A7,23,1,90,89.49,3,,,,,,,,,,,,,86,-1.08,7,,,,,,,,,,,,,,,,83,27.52,6,85,0.02,87,,,,,,,,,,,,,98,28.73,6,,,,96,2.29,0.5,,,
Nelore,SGN 1834,08/21,FALUCK DO CRISPIM,G,REMP 816,"23,28",2,73,78.13,39,61,1.34,0.5,64,3.49,10,,,,,,,43,-0.78,30,,,,,,,,,,,,,,,,44,28.8,5,44,2.24,26,,,,,,,,,,,,,86,34.8,2,,,,82,2.28,0.5,,,
Nelore,CVCV 26799,09/20,GENOVES DE CV,G,CVCV 21545,23,1,74,84.7,12,,,,,,,,,,,,,35,-1.24,3,,,,,,,,,,,,,,,,38,29.03,5,38,4.98,3,,,,,,,,,,,,,83,25.13,10,,,,73,2.15,0.5,,,
Nelore,GRI C1361,10/20,EFETIVO DA S.NICE,G,REM A1936,23,1,76,84.2,13,,,,,,,,,,,,,47,-0.92,17,,,,,,,,,,,,,,,,49,22.22,14,49,1.73,37,,,,,,,,,,,,,75,19.9,19,,,,68,2.15,0.5,,,
Nelore,KAT 4137,10/19,LENDÃ•RIO FIV KATISPE,G,BONS 3108,23,1,86,81.94,21,,,,,,,,,,,,,56,-0.91,18,,,,,,,,,,,,,,,,54,27.68,6,54,3.93,7,,,,,,,,,,,,,95,26.89,8,,,,86,2.1,1,,,
Nelore,RDM A7389,07/22,HANDI MAT.,G,REMP 816,23,1,46,86.08,8,,,,,,,,,,,,,46,-0.96,14,,,,,,,,,,,,,,,,37,30.12,4,48,6.19,1,,,,,,,,,,,,,69,33.15,3,,,,62,2.1,1,,,
Nelore,MNS 10242,09/19,TEXAS DA ALO BRASIL,G,REMC A923,"23,27",2,85,80.29,29,80,0.1,34,81,6.5,0.5,,,,,,,48,-0.96,14,,,,,,,,,,,,,,,,50,30.31,4,50,1.95,31,,,,,,,,,,,,,82,32.65,3,,,,73,2.05,1,,,
Nelore,REM 10899,09/19,REM IMPACTO GEN. ADT,G,REM A563,"23,24",2,87,79,35,,,,,,,,,,,,,56,-1,11,,,,,,,,,,,,,,,,54,28.74,5,54,7.05,0.1,53,9.8,0.1,,,,,,,,,,92,24.31,12,54,10.8,5,86,2.04,1,,,
Nelore,GRI B8437,10/18,B8437 FIV DA S.NICE,G,REM A7,"23,29",2,84,85.52,10,86,0.66,5,87,4.15,6,,,,,,,51,-1.13,5,82,0.3,0.1,,,,,,,,,,,,,52,30.04,4,52,2.98,15,,,,,,,,,,,,,88,29.31,6,,,,86,2.02,1,,,
Nelore,BONS 4183,12/20,ATACAMA BONS,G,BONS 3108,23,1,72,75.83,50,,,,,,,,,,,,,40,-0.29,85,,,,,,,,,,,,,,,,42,26.04,8,42,2.39,23,,,,,,,,,,,,,83,32.27,3,,,,77,2,1,,,
Nelore,CSCN 17431,07/18,UTAM DE NAVIRAI,G,BRMG 2299,"24,28",2,85,89.51,3,91,1.64,0.1,92,2.14,22,,,,,,,69,-1.13,5,,,,,,,,,,,,,,,,64,27.51,6,64,8.05,0.1,63,10.65,0.1,,,,,,,,,,95,14.22,33,30,8.83,11,,,,,,
Nelore,ELGE 2932,08/13,BARU DA ELGE,G,LBMN D1484,24,1,,,,,,,,,,,,,,,,50,-0.86,22,,,,,,,,,,,,,,,,52,24.51,11,52,7.87,0.1,51,10.06,0.1,,,,,,,,,,84,23.4,13,33,8.33,14,,,,,,
Nelore,GREN B9728,07/20,QUENTAO DA GREN.,G,FANO 1509,24,1,,,,,,,,,,,,,,,,44,-0.46,68,,,,,,,,,,,,,,,,46,28,6,46,7.52,0.1,47,10.59,0.1,,,,,,,,,,86,28.11,7,59,12.28,2,,,,,,
Nelore,RDM A2249,07/19,ESCULAPIO MAT.,G,BONS 3108,24,1,,,,,,,,,,,,,,,,47,-0.56,55,,,,,,,,,,,,,,,,50,28.39,6,50,7.08,0.1,49,9.53,0.5,,,,,,,,,,85,22.14,15,54,13.4,1,,,,,,
Nelore,GRI B7906,08/18,B7906 FIV DA S.NICE,G,LBMN D1484,"24,29",2,85,82.4,19,76,0.44,11,78,1.75,27,,,,,,,45,-0.77,31,77,0.28,0.1,,,,,,,,,,,,,48,24.82,10,48,6.89,0.1,49,10.19,0.1,,,,,,,,,,88,17.23,25,30,10.99,4,,,,,,
Nelore,EAO B1828,08/19,TREM BALA FIV DA EAO,G,LBMN D4685,24,1,,,,,,,,,,,,,,,,53,-1.02,10,,,,,,,,,,,,,,,,48,27.47,7,48,6.61,0.5,47,8.47,1,,,,,,,,,,95,26.55,9,60,10.7,5,,,,,,
Nelore,JAAC 510,03/11,JAAC 510,,LBMN D283,24,1,,,,,,,,,,,,,,,,27,-1.16,5,,,,,,,,,,,,,,,,13,24,11,36,6.55,0.5,35,9.33,0.5,,,,,,,,,,27,20.79,18,18,8.91,11,,,,,,
Nelore,FVC 12483,08/17,FURACAO FVC,G,REMC 8332,"24,29",2,85,89.39,3,82,0.43,11,85,1.83,26,,,,,,,58,-1.25,3,76,0.28,0.1,,,,,,,,,,,,,58,27.32,7,58,6.47,0.5,57,8.62,1,,,,,,,,,,89,24.33,12,30,8.63,12,,,,,,
Nelore,REMC A3512,08/20,REM JUPITER GEN. ADT,G,REM A1811,"24,29",2,86,93.57,0.5,75,0.93,2,77,3.82,8,,,,,,,44,-1.34,2,75,0.26,0.5,,,,,,,,,,,,,48,30.32,4,48,6.39,0.5,47,8.88,1,,,,,,,,,,82,25.76,10,48,13.67,0.5,,,,,,
Nelore,ORON 1122,09/19,ALMIRANTE VALE OURO,G,LBMN D1288,24,1,,,,,,,,,,,,,,,,43,-0.95,15,,,,,,,,,,,,,,,,46,28.23,6,46,6.38,0.5,44,9.74,0.1,,,,,,,,,,77,21.79,16,48,12.98,1,,,,,,
Nelore,GRI C2747,09/21,MAGO DA S.NICE,G,GRI B7360,24,1,,,,,,,,,,,,,,,,35,-0.83,25,,,,,,,,,,,,,,,,39,27.49,6,39,6.36,0.5,37,8.81,1,,,,,,,,,,77,18.59,22,49,12.04,2,,,,,,
Nelore,CSCQ 142,10/18,UNIVERSO FIV DE NAVIR,G,BRMG 2299,24,1,,,,,,,,,,,,,,,,57,-0.86,22,,,,,,,,,,,,,,,,58,26.82,7,58,6.32,0.5,57,8.39,1,,,,,,,,,,89,19.82,20,34,7.62,18,,,,,,
Nelore,LBMN D8484,08/13,RAI DA MN,G,LBMN D1484,24,1,,,,,,,,,,,,,,,,70,-0.65,43,,,,,,,,,,,,,,,,73,20.09,18,73,6.2,1,72,7.51,2,,,,,,,,,,94,11.56,42,51,8.52,13,,,,,,
Nelore,GRI B9014,12/18,CALENDARIO FIV DA S.N,G,REMC 9375,24,1,,,,,,,,,,,,,,,,47,-1.09,7,,,,,,,,,,,,,,,,50,25.85,9,50,6.14,1,49,8.33,1,,,,,,,,,,71,18.95,21,31,7.38,19,,,,,,
Nelore,EAO B2752,10/19,CONTRATO DA EAO,G,MNS 3981,24,1,,,,,,,,,,,,,,,,50,-0.85,23,,,,,,,,,,,,,,,,43,26.12,8,43,6.12,1,42,7.99,2,,,,,,,,,,93,25.39,10,54,9.97,7,,,,,,
Nelore,JCGG 15568,11/19,CAPITAO DA AGUA FRIA,G,REM 5531,24,1,,,,,,,,,,,,,,,,65,-1,11,,,,,,,,,,,,,,,,60,25.22,9,60,5.97,1,59,9.63,0.5,,,,,,,,,,96,21.12,17,33,12.09,2,,,,,,
Nelore,CSCR 1167,11/17,TANU FIV DE NAVIRAI,G,CSCN 14076,24,1,,,,,,,,,,,,,,,,56,-1.23,3,,,,,,,,,,,,,,,,58,26.18,8,58,5.93,1,58,8.13,2,,,,,,,,,,89,26.43,9,60,8.31,14,,,,,,
Nelore,CSCF 4554,12/17,URCO FIV DE NAV.,G,REMC 5326,"24,29",2,88,83.33,16,95,0.24,19,94,2.47,19,,,,,,,81,-1.16,5,89,0.35,0.1,,,,,,,,,,,,,76,26.08,8,76,5.9,1,74,8.92,0.5,,,,,,,,,,98,23.28,13,34,10.3,6,,,,,,
Nelore,EAO B1088,06/19,COMBATE FIV DA EAO,G,REM 8933,"24,29",2,86,81.92,21,86,0.53,8,87,3.65,9,,,,,,,62,-1.09,7,74,0.3,0.1,,,,,,,,,,,,,51,29,5,51,5.88,1,51,7.72,2,,,,,,,,,,90,30.67,4,32,10.07,7,,,,,,
Nelore,MMVA 2725,09/18,ZERO UM FIV DA JACAMI,G,LBMN D4685,24,1,,,,,,,,,,,,,,,,73,-1.2,4,,,,,,,,,,,,,,,,65,27.95,6,65,5.84,1,66,9.02,0.5,,,,,,,,,,97,23.5,13,31,11.62,3,,,,,,
Nelore,KAPM 7918,11/17,NORDICO KA,G,AAAP 1653,24,1,,,,,,,,,,,,,,,,53,-0.9,19,,,,,,,,,,,,,,,,54,29.24,5,54,5.84,1,53,8.04,2,,,,,,,,,,82,33.88,2,34,12.91,1,,,,,,
Nelore,REMP 1197,08/20,REM JACARANDA GEN. AD,G,REM A7,24,1,,,,,,,,,,,,,,,,41,-1.42,1,,,,,,,,,,,,,,,,43,26.79,7,43,5.79,2,43,7.95,2,,,,,,,,,,89,25.48,10,49,10.93,4,,,,,,
Nelore,RGM 8447,08/22,PARA TUDO RG,G,GRI C630,25,1,,,,,,,,,,,,,,,,,,,,,,,,,,,,,,,,,,42,39.46,0.1,46,5.4,2,,,,61,15.59,0.1,62,28.68,0.1,,,,66,49.96,0.1,,,,60,2.26,0.5,,,
Nelore,MCPJ 8259,08/22,FAROESTE FIV JMP,G,IPB 6732,25,1,,,,,,,,,,,,,,,,,,,,,,,,,,,,,,,,,,47,44.02,0.1,47,10.1,0.1,,,,63,17.8,0.1,66,28.12,0.1,,,,68,48.86,0.1,,,,62,1.6,4,,,
Nelore,COLM 6700,10/22,XARP COL,G,FANO 2762,25,1,,,,,,,,,,,,,,,,,,,,,,,,,,,,,,,,,,30,37.57,0.1,42,3.94,7,,,,59,16.32,0.1,61,27.91,0.1,,,,66,39.7,0.5,,,,60,1.51,5,,,
Nelore,MCPJ 8196,07/22,8196P FIV JMP,G,IPB 6732,25,1,,,,,,,,,,,,,,,,,,,,,,,,,,,,,,,,,,45,36.46,0.1,45,4.17,6,,,,59,16.97,0.1,64,26.79,0.1,,,,69,40.4,0.5,,,,59,1.88,2,,,
Nelore,FANO 3050,09/20,ESPLENDOROSO DA AGRON,G,REM A7,25,1,,,,,,,,,,,,,,,,,,,,,,,,,,,,,,,,,,50,36.59,0.1,50,3.31,12,,,,64,13.71,0.5,67,25.24,0.1,,,,70,38.81,0.5,,,,63,2.14,1,,,
Nelore,RDM A7667,08/22,HINDU MAT.,G,FANO 2762,25,1,,,,,,,,,,,,,,,,,,,,,,,,,,,,,,,,,,48,36.85,0.1,48,2.35,24,,,,62,14.19,0.1,66,25.13,0.1,,,,69,47.83,0.1,,,,63,1.21,10,,,
Nelore,ANP 2029,09/22,DRAKO DA ANP,G,RDM A3064,25,1,,,,,,,,,,,,,,,,,,,,,,,,,,,,,,,,,,46,37.77,0.1,46,3.61,9,,,,62,13.17,0.5,66,23.97,0.1,,,,70,41.42,0.1,,,,61,1.59,4,,,
Nelore,XRGM 5051,10/22,LEGEND FIV DA XARAES,G,XRGM 4111,25,1,,,,,,,,,,,,,,,,,,,,,,,,,,,,,,,,,,42,42.05,0.1,42,4.83,3,,,,60,12.5,1,61,23.4,0.5,,,,64,40.62,0.5,,,,58,3.14,0.1,,,
Nelore,REM 10447,11/18,REM HERCULES,G,REM 8933,"25,26",2,,,,,,,,,,,,,,,,,,,,,,,,,,,,,,,,,,59,29.74,4,59,1.75,36,,,,84,13.73,0.5,87,23.36,0.5,,,,86,38.57,0.5,,,,77,1.37,7,,,
Nelore,FGP A3465,08/22,ILUMINADO FIV GUADALU,G,FANO 2762,25,1,,,,,,,,,,,,,,,,,,,,,,,,,,,,,,,,,,46,32.88,2,46,4.91,3,,,,64,12.99,0.5,64,23.19,0.5,,,,67,37.1,1,,,,61,1.2,10,,,
Nelore,FANO 4803,01/23,GIBRALTAR DA AGRONOVA,G,REMP 816,25,1,,,,,,,,,,,,,,,,,,,,,,,,,,,,,,,,,,47,38.28,0.1,47,4.9,3,,,,60,11.98,2,64,22.85,0.5,,,,67,45.73,0.1,,,,61,2.08,1,,,
Nelore,KPAO 185,09/20,QUEBEC FIV KA,G,KAPO 1500,25,1,,,,,,,,,,,,,,,,,,,,,,,,,,,,,,,,,,42,27.73,6,42,3.01,15,,,,70,12.61,1,72,22.74,0.5,,,,74,33.66,3,,,,65,1.73,3,,,
Nelore,RDM A7590,08/22,HALLOWEEN MAT.,G,RDM A3064,25,1,,,,,,,,,,,,,,,,,,,,,,,,,,,,,,,,,,46,36.61,0.1,46,4.95,3,,,,62,12.59,1,64,22.71,0.5,,,,67,40.79,0.1,,,,59,2.21,0.5,,,
Nelore,VIV 5566,08/22,PALANQUE FIV PRONEL,G,RDM A3151,25,1,,,,,,,,,,,,,,,,,,,,,,,,,,,,,,,,,,46,37.28,0.1,46,4.88,3,,,,61,11.12,3,64,22.53,0.5,,,,68,38.83,0.5,,,,60,2.17,0.5,,,
Nelore,RDM A6397,09/21,GATO MAT.,G,REMP 602,"25,27",2,57,76.72,46,62,0.5,9,63,6.67,0.5,,,,,,,43,-0.78,30,,,,,,,,,,,,,,,,47,34.63,1,47,6.33,0.5,,,,60,12.51,1,63,22.16,0.5,,,,68,35.79,2,,,,60,2.36,0.1,,,
Nelore,AZAN 2509,07/19,TIRAMISU DA BELA,G,AZAN 1397,26,1,,,,,,,,,,,,,,,,,,,,,,,,,,,,,,,,,,40,30.35,4,40,1.89,33,,,,65,12.14,1,67,21.2,1,,,,70,40.26,0.5,,,,61,1.64,4,,,
Nelore,MMVA 2510,12/17,GALACTICO DA JACAMIM,G,RDM 4153,26,1,,,,,,,,,,,,,,,,,,,,,,,,,,,,,,,,,,53,27.67,6,53,2.62,19,,,,72,11.51,2,76,20.02,2,,,,78,37.52,1,,,,72,0.9,18,,,
Nelore,SINO 1730,01/19,EL ZORRERO SINO,G,REM A7,26,1,,,,,,,,,,,,,,,,,,,,,,,,,,,,,,,,,,82,30.08,4,82,2.28,25,,,,97,12.05,2,98,21.1,1,,,,99,37.18,1,,,,95,1.57,5,,,
Nelore,ACNP 3587,09/18,CARVEN J MACHADO,G,REM 9449,26,1,,,,,,,,,,,,,,,,,,,,,,,,,,,,,,,,,,49,29.38,5,49,0.25,82,,,,72,12.77,1,75,20.93,1,,,,81,36.18,2,,,,73,1.31,8,,,
Nelore,REMC A2337,10/18,REM HULK GEN ADT,G,REM 9449,27,1,84,79.8,31,77,0.62,6,81,7.83,0.1,,,,,,,52,-1.09,7,,,,,,,,,,,,,,,,54,28.23,6,,,,,,,,,,,,,,,,85,31.14,4,,,,,,,,,
Nelore,CSCQ 106,10/18,UJALA FIV DE NAVIRAI,G,CSCN 14945,27,1,86,78.62,37,78,1.06,2,79,7.22,0.1,,,,,,,50,-0.68,40,,,,,,,,,,,,,,,,52,28.73,5,,,,,,,,,,,,,,,,89,29.57,5,,,,,,,,,
Nelore,REMC 9185,08/15,REM EL ESPANHOL,G,REMC 5326,27,1,86,90.09,3,84,0.21,21,86,6.96,0.1,,,,,,,63,-1.38,1,,,,,,,,,,,,,,,,66,25.05,10,,,,,,,,,,,,,,,,93,22.17,15,,,,,,,,,
Nelore,GRI C2521,09/21,MOSAICO DA S.NICE,G,LBMN D4685,"27,29",2,36,84.53,12,62,0.74,4,63,6.81,0.1,,,,,,,41,-1.01,11,58,0.31,0.1,,,,,,,,,,,,,33,30.38,4,,,,,,,,,,,,,,,,65,28.25,7,,,,,,,,,
Nelore,FLOC 264,11/19,EVOQUE FIV FLOC,G,REMC A657,"27,29",2,74,84.55,12,68,0.13,29,68,6.78,0.1,,,,,,,46,-1.32,2,64,0.32,0.1,,,,,,,,,,,,,52,27.42,7,,,,,,,,,,,,,,,,74,29.58,5,,,,,,,,,
Nelore,GRI B7329,11/17,COMBOIO FIV DA S.NICE,G,REMC 5326,27,1,86,80.35,28,94,0.45,10,94,6.77,0.1,,,,,,,79,-1.14,5,,,,,,,,,,,,,,,,76,29.67,4,,,,,,,,,,,,,,,,99,28.9,6,,,,,,,,,
Nelore,API 3809,09/16,ARMADOR DO API,G,REMC 5326,27,1,83,71.92,65,71,0.16,24,73,6.48,0.5,,,,,,,51,-0.95,15,,,,,,,,,,,,,,,,55,25.69,9,,,,,,,,,,,,,,,,80,30.11,5,,,,,,,,,
Nelore,GRI B9334,08/19,CAMAROTE DA S.NICE,G,GRI B2887,27,1,87,88.95,4,84,0.54,8,86,6.23,0.5,,,,,,,51,-1.63,0.1,,,,,,,,,,,,,,,,50,28.1,6,,,,,,,,,,,,,,,,89,28.07,7,,,,,,,,,
Nelore,EPCF 3615,08/19,QATAR FIV DA TERRA BR,G,EPCF 992,27,1,85,87.25,6,78,0.16,24,78,6.22,0.5,,,,,,,36,-1.46,0.5,,,,,,,,,,,,,,,,43,28.17,6,,,,,,,,,,,,,,,,75,28.31,7,,,,,,,,,
Nelore,ANP 1496,01/22,CAPITOLIO DA ANP,G,REMP 816,28,1,58,79.21,34,66,1.79,0.1,66,3.95,7,,,,,,,44,-0.8,28,,,,,,,,,,,,,,,,49,27.23,7,,,,,,,,,,,,,,,,69,28.53,6,,,,,,,,,
Nelore,GRI C630,02/20,PROMOTOR FIV DA S.NIC,G,REM A1230,28,1,85,85.64,9,85,1.44,0.1,85,3.7,9,,,,,,,51,-1.09,7,,,,,,,,,,,,,,,,49,26.31,8,,,,,,,,,,,,,,,,85,27.85,7,,,,,,,,,
Nelore,JHVM 21644,11/20,HD CAMPARINO,G,JHVM 17499,28,1,73,89.88,3,68,1.42,0.1,68,2.44,19,,,,,,,38,-1.47,0.5,,,,,,,,,,,,,,,,41,30.02,4,,,,,,,,,,,,,,,,77,24.34,12,,,,,,,,,
Nelore,MMVA 5399,10/21,CONTAINER FIV DA JACA,G,REMP 816,28,1,75,77.43,42,65,1.37,0.5,64,2.69,17,,,,,,,43,-0.71,37,,,,,,,,,,,,,,,,45,28.74,5,,,,,,,,,,,,,,,,68,34.62,2,,,,,,,,,
Nelore,XRGM 4415,08/20,JACAREH FIV DA XARAES,G,REM A1936,28,1,75,78.91,35,69,1.34,0.5,71,3.88,7,,,,,,,41,-0.81,27,,,,,,,,,,,,,,,,44,29.46,4,,,,,,,,,,,,,,,,67,27,8,,,,,,,,,
Nelore,FBFM 9521,08/19,QUINN DO BATUQUE,G,FBFM 6505,28,1,87,81.43,23,81,1.3,0.5,84,2.52,18,,,,,,,47,-0.98,13,,,,,,,,,,,,,,,,48,25.25,9,,,,,,,,,,,,,,,,88,19.39,20,,,,,,,,,
Nelore,VIV 5187,09/21,OIAPOQUE FIV PRONEL,G,REMP 816,28,1,74,84.73,12,65,1.3,0.5,65,5.22,2,,,,,,,44,-1.23,3,,,,,,,,,,,,,,,,46,30.28,4,,,,,,,,,,,,,,,,71,34.86,2,,,,,,,,,
Nelore,REM 5589,09/09,REM UPONIC,G,REM 4237,28,1,90,87.07,6,93,1.25,0.5,91,3.22,12,,,,,,,79,-1.13,5,,,,,,,,,,,,,,,,84,22.49,14,,,,,,,,,,,,,,,,97,17.08,26,,,,,,,,,
Nelore,REM 11170,11/19,REM INEDITO GEN. ADT,G,REM A1230,28,1,74,81.43,23,65,1.25,0.5,67,4.28,5,,,,,,,38,-0.88,20,,,,,,,,,,,,,,,,40,29.02,5,,,,,,,,,,,,,,,,70,31.48,4,,,,,,,,,
Nelore,REMC A2894,09/19,REM INSANO GEN. ADT,G,REM A563,28,1,86,83.57,15,72,1.24,0.5,73,1.79,26,,,,,,,43,-1.63,0.1,,,,,,,,,,,,,,,,45,21.77,15,,,,,,,,,,,,,,,,71,20.08,19,,,,,,,,,
Nelore,REM 10163,08/18,REM HOT GEN ADT,G,REM A7,28,1,87,88.9,4,80,1.23,0.5,83,3.53,10,,,,,,,54,-0.95,15,,,,,,,,,,,,,,,,54,23.93,11,,,,,,,,,,,,,,,,90,23.55,13,,,,,,,,,
Nelore,FBFM 11842,11/21,SERTÃƒO BATUQUE,G,FBFM 8950,28,1,73,92.75,1,56,1.22,1,57,3,14,,,,,,,36,-1.28,2,,,,,,,,,,,,,,,,38,27.71,6,,,,,,,,,,,,,,,,68,22.76,14,,,,,,,,,
Nelore,CSCC 7058,02/20,APOLO FIV DE NAVIRAI,G,CSCR 1135,28,1,85,74.3,56,68,1.21,1,70,4.83,3,,,,,,,37,-1.14,5,,,,,,,,,,,,,,,,42,29.33,5,,,,,,,,,,,,,,,,86,32.34,3,,,,,,,,,
Nelore,REMP 1512,09/21,REM LORD GEN. ADT,G,REMP 816,28,1,58,86.02,8,65,1.2,1,67,5.33,2,,,,,,,45,-1.06,8,,,,,,,,,,,,,,,,48,28.37,6,,,,,,,,,,,,,,,,71,28.53,6,,,,,,,,,
Nelore,CAMT 9196,08/21,TORNADO FIV MAFRA,G,REMP 816,28,1,72,84.85,11,64,1.2,1,65,3.96,7,,,,,,,44,-0.94,15,,,,,,,,,,,,,,,,47,29.8,4,,,,,,,,,,,,,,,,71,35.58,2,,,,,,,,,
Nelore,CSAF 1061,11/17,1061 DA SAF,G,LBMN D1484,29,1,84,74.94,53,83,0.75,4,82,0.59,56,,,,,,,49,-0.79,29,83,0.44,0.1,,,,,,,,,,,,,49,17.91,23,,,,,,,,,,,,,,,,87,13.92,34,,,,,,,,,
Nelore,FSAT 1554,10/12,TIJOLO DO GOLIAS,G,7955,29,1,87,81.96,21,79,0.41,12,82,1.97,24,,,,,,,47,-0.65,43,82,0.44,0.1,,,,,,,,,,,,,47,13.16,36,,,,,,,,,,,,,,,,81,6.16,68,,,,,,,,,
Nelore,REMP 361,11/11,REM ALCOOL,G,REM 4677,29,1,86,75.61,51,84,0.92,2,84,1.31,33,,,,,,,59,-0.89,19,75,0.42,0.1,,,,,,,,,,,,,66,15.38,30,,,,,,,,,,,,,,,,90,16.82,26,,,,,,,,,
Nelore,GRI C1067,09/20,TORONTO DA S.NICE,G,AZAN 2193,29,1,73,84.02,14,68,0.49,9,70,5.46,2,,,,,,,37,-0.91,18,69,0.36,0.1,,,,,,,,,,,,,40,28.46,5,,,,,,,,,,,,,,,,65,28.08,7,,,,,,,,,
Nelore,HORA 5862,10/21,LOZANO TE DA HORA,G,FVC 11452,29,1,75,87.42,6,63,0.91,2,63,3.18,12,,,,,,,39,-1.28,2,59,0.34,0.1,,,,,,,,,,,,,45,26.91,7,,,,,,,,,,,,,,,,67,25.02,11,,,,,,,,,
Nelore,FSH A9922,11/15,KALYAN DP,G,REM 6447,29,1,88,80.83,26,76,0.58,7,79,4.08,6,,,,,,,52,-0.61,48,73,0.32,0.1,,,,,,,,,,,,,53,24.62,10,,,,,,,,,,,,,,,,87,24.91,11,,,,,,,,,
Nelore,KAT 4610,09/20,MÃ‰RITO KATISPERA,G,FPO 2683,29,1,74,88.15,5,65,0.25,18,64,3.88,7,,,,,,,43,-1.17,4,59,0.32,0.1,,,,,,,,,,,,,46,29.1,5,,,,,,,,,,,,,,,,73,31.02,4,,,,,,,,,
Nelore,COL 27609,10/20,USE COL,G,COL 25554,29,1,71,85.7,9,62,0.38,13,65,4.35,5,,,,,,,33,-0.84,24,53,0.32,0.1,,,,,,,,,,,,,36,26.4,8,,,,,,,,,,,,,,,,68,18.24,23,,,,,,,,,
Nelore,EAO B3877,07/20,DISCOVERY FIV DA EAO,G,ACNP 3146,29,1,85,78.76,36,92,0.23,19,92,4.9,3,,,,,,,52,-0.95,15,90,0.28,0.1,,,,,,,,,,,,,48,29.49,4,,,,,,,,,,,,,,,,97,33.65,3,,,,,,,,,
Nelore,HORA 3631,10/18,HULK TE DA HORA,G,REM 8747,29,1,83,80.46,28,77,0.94,2,79,4.48,5,,,,,,,51,-0.99,12,77,0.28,0.1,,,,,,,,,,,,,53,27.44,7,,,,,,,,,,,,,,,,85,27.64,7,,,,,,,,,
Nelore,CEN 9434,08/14,CEN 9434 FISCAL TE,G,REM 5589,29,1,86,80.11,29,77,0.71,5,81,2.45,19,,,,,,,59,-0.84,24,77,0.28,0.1,,,,,,,,,,,,,60,16.93,26,,,,,,,,,,,,,,,,92,15.14,31,,,,,,,,,
Nelore,AZAP 2721,07/19,TABAL FIV DA BELA,G,REMC A657,29,1,87,88.1,5,75,0.48,9,76,5.33,2,,,,,,,46,-0.97,13,73,0.28,0.1,,,,,,,,,,,,,50,26.11,8,,,,,,,,,,,,,,,,86,26.95,8,,,,,,,,,
Nelore,MAGD 3422,10/20,DINAMITE FIV DA MAGDA,G,EPCF 1400,29,1,72,84.87,11,62,0.45,10,64,3.83,8,,,,,,,35,-0.75,32,62,0.28,0.1,,,,,,,,,,,,,39,27.52,6,,,,,,,,,,,,,,,,65,24.86,11,,,,,,,,,
Nelore,REMC 8332,09/14,REM DULLDOG,G,REMC 5326,29,1,93,80.51,28,95,0.55,8,94,4.01,7,,,,,,,88,-1.02,10,92,0.27,0.1,,,,,,,,,,,,,88,25.03,10,,,,,,,,,,,,,,,,99,27.63,7,,,,,,,,,
Nelore,EPCF 2908,07/18,2908 FIV DA TERRA BRA,G,REM 9449,29,1,88,82.7,18,72,0.91,2,73,3.74,8,,,,,,,43,-0.94,15,70,0.27,0.1,,,,,,,,,,,,,47,24.79,10,,,,,,,,,,,,,,,,71,27.93,7,,,,,,,,,
Nelore,MDLO 1561,11/19,CEDRO DA MDLO,G,REM A1230,29,1,74,76.96,44,65,0.63,6,66,5.6,2,,,,,,,38,-0.67,41,62,0.27,0.1,,,,,,,,,,,,,41,26.16,8,,,,,,,,,,,,,,,,71,33.8,3,,,,,,,,,
Nelore,REMC A657,09/16,REM F22 FIV,G,REMC 5326,29,1,94,86.41,8,94,0.54,8,94,5.28,2,,,,,,,86,-1.07,8,90,0.26,0.5,,,,,,,,,,,,,82,27.13,7,,,,,,,,,,,,,,,,99,28.52,6,,,,,,,,,
Nelore,EAO B4545,08/20,DELTA DA EAO,G,REM A1811,29,1,74,89.8,3,76,0.78,4,79,3.09,13,,,,,,,54,-1.7,0.1,72,0.26,0.5,,,,,,,,,,,,,43,28.21,6,,,,,,,,,,,,,,,,92,24.45,11,,,,,,,,,
Nelore,RDM A3066,09/19,ETRUSCO MAT.,G,BONS 3108,29,1,88,83.72,15,88,0.31,15,90,4.8,3,,,,,,,61,-0.85,23,83,0.25,0.5,,,,,,,,,,,,,59,30.15,4,,,,,,,,,,,,,,,,94,33.36,3,,,,,,,,,
Nelore,GRI B9435,09/19,CARBONO FIV DA S.NICE,G,GRI B5968,29,1,86,87.63,5,76,0.54,8,78,3.43,10,,,,,,,43,-1,11,78,0.25,0.5,,,,,,,,,,,,,45,25.71,9,,,,,,,,,,,,,,,,81,26.02,9,,,,,,,,,
Nelore,BOA A2619,08/20,OIAMPI TERRA BOA,G,BOA A1308,29,1,72,79.92,30,71,0.79,4,72,3.34,11,,,,,,,39,-0.9,19,69,0.25,0.5,,,,,,,,,,,,,42,23.65,12,,,,,,,,,,,,,,,,74,24.96,11,,,,,,,,,
Nelore,LCN 2887,08/18,ZAMBE ENGENHO 2,,REM 9274,29,1,25,76.8,45,65,0.89,3,68,2.93,14,,,,,,,38,-1,11,59,0.25,0.5,,,,,,,,,,,,,17,23.88,12,,,,,,,,,,,,,,,,33,25.52,10,,,,,,,,,
Nelore,HORA 5914,10/21,5914 TE DA HORA,G,HORA 3150,30,1,,,,65,0.09,36,67,5.12,3,44,-0.39,0.1,49,-0.39,0.1,,,,,,,,,,,,,,,,,,,50,29.92,4,,,,,,,,,,,,,,,,69,31.71,4,,,,,,,,,
Nelore,PAU 6863,07/25,VIGOROSO FIV DA PAULE,G,PAU 6018,30,1,,,,43,0.01,61,45,4.97,3,44,-0.35,0.1,37,-0.24,5,,,,,,,,,,,,,,,,,,,43,34.03,2,,,,,,,,,,,,,,,,57,39.97,0.5,,,,,,,,,
Nelore,MMAR 4383,09/24,4383 FIV DA MARCONDES,G,BONS 4404,30,1,,,,51,1.21,1,52,3.81,8,62,-0.33,0.1,32,-0.146,36,,,,,,,,,,,,,,,,,,,34,29.62,4,,,,,,,,,,,,,,,,60,34.65,2,,,,,,,,,
Nelore,HORA 5934,10/21,5934 TE DA HORA,G,HORA 3150,30,1,,,,64,0.15,26,66,4.88,3,47,-0.33,0.1,50,-0.33,0.5,,,,,,,,,,,,,,,,,,,51,31.21,3,,,,,,,,,,,,,,,,69,31.77,4,,,,,,,,,
Nelore,PAU 6821,07/25,VERGALHÃƒO FIV DA PAU,G,PAU 6018,30,1,,,,42,0.04,51,43,4.75,4,38,-0.33,0.1,47,-0.179,20,,,,,,,,,,,,,,,,,,,39,36.22,0.1,,,,,,,,,,,,,,,,53,41.45,0.1,,,,,,,,,
Nelore,GREN A8787,12/17,SUPREMO DA GREN,G,LBMN D4685,30,1,,,,67,0.58,7,70,1.13,36,38,-0.33,0.1,42,-0.53,0.1,,,,,,,,,,,,,,,,,,,57,23.22,13,,,,,,,,,,,,,,,,87,18.12,23,,,,,,,,,
Nelore,MBO A1710,09/20,A1710 DE MARIPA,G,MBO 5586,30,1,,,,55,0.34,14,57,1.27,34,50,-0.321,0.1,30,-0.442,0.1,,,,,,,,,,,,,,,,,,,40,14.5,32,,,,,,,,,,,,,,,,63,12.25,39,,,,,,,,,
Nelore,FANO 4975,08/23,IPORA DA AGRONOVA,G,FANO 2762,30,1,,,,64,0.59,7,66,4.9,3,49,-0.32,0.1,54,-0.241,5,,,,,,,,,,,,,,,,,,,45,31.72,3,,,,,,,,,,,,,,,,69,33.79,3,,,,,,,,,
Nelore,JNM 6339,02/23,FIGO FIV URUCU,G,RDM A1335,30,1,,,,63,0.67,5,65,4.56,4,42,-0.32,0.1,45,-0.152,33,,,,,,,,,,,,,,,,,,,48,29.03,5,,,,,,,,,,,,,,,,70,31.28,4,,,,,,,,,
Nelore,FANO 4995,08/23,INSANO DA AGRONOVA,G,FANO 2762,30,1,,,,64,0.67,5,64,5.2,2,49,-0.31,0.1,54,-0.229,6,,,,,,,,,,,,,,,,,,,44,35.98,0.5,,,,,,,,,,,,,,,,67,33.73,3,,,,,,,,,
Nelore,FANO 3341,12/20,ESPECIME DA AGRONOVA,G,COL 25550,30,1,,,,60,0.19,22,62,2.94,14,44,-0.31,0.1,48,-0.34,0.5,,,,,,,,,,,,,,,,,,,42,27.27,7,,,,,,,,,,,,,,,,63,29.16,6,,,,,,,,,
Nelore,MMVA 5037,08/21,5037 FIV DA JACAMIM,G,MMVA 2674,30,1,,,,63,0.45,10,31,1.9,25,34,-0.31,0.1,38,-0.37,0.1,,,,,,,,,,,,,,,,,,,31,25.61,9,,,,,,,,,,,,,,,,66,22.68,14,,,,,,,,,
Nelore,RDM A4694,09/20,A4694 MAT.,G,RDM 9990,30,1,,,,63,0.42,11,66,3.72,8,43,-0.309,0.1,48,-0.253,4,,,,,,,,,,,,,,,,,,,47,25.35,9,,,,,,,,,,,,,,,,69,26,9,,,,,,,,,
Nelore,MFBN 6122,10/18,QUIARO G.SALES,G,LBMN D4685,30,1,,,,59,0.57,7,59,1.89,25,32,-0.307,0.1,35,-0.46,0.1,,,,,,,,,,,,,,,,,,,45,17.42,24,,,,,,,,,,,,,,,,65,12.11,40,,,,,,,,,
Nelore,IZSN A3043,09/12,MACEGAL DO IZ,G,IZSN A1722,30,1,,,,83,0.31,15,83,2.65,17,55,-0.301,0.1,61,-0.216,8,,,,,,,,,,,,,,,,,,,66,20,19,,,,,,,,,,,,,,,,91,19.71,20,,,,,,,,,
Nelore,COLM 3419,10/14,OCEANARIO COL,G,REM 5531,30,1,,,,70,0.25,18,71,2.18,22,36,-0.301,0.1,41,-0.418,0.1,,,,,,,,,,,,,,,,,,,51,17.33,25,,,,,,,,,,,,,,,,86,19.06,21,,,,,,,,,
Nelore,JCGG 13728,01/19,FIV 13728 DA AGUA FRI,G,LBMN D4685,30,1,,,,55,0.46,10,58,2.58,18,62,-0.3,0.1,31,-0.35,0.5,,,,,,,,,,,,,,,,,,,42,23.58,12,,,,,,,,,,,,,,,,58,20.47,18,,,,,,,,,
Nelore,PAU 6933,09/25,VERSO FIV DA PAULETE,G,PAU 6018,30,1,,,,37,0.1,34,35,5.05,3,48,-0.3,0.1,46,-0.141,39,,,,,,,,,,,,,,,,,,,32,38.27,0.1,,,,,,,,,,,,,,,,44,42.47,0.1,,,,,,,,,
Nelore,HORA 5984,10/21,5984 TE DA HORA,G,HORA 3150,30,1,,,,65,0.18,23,68,4.78,3,45,-0.3,0.1,49,-0.3,2,,,,,,,,,,,,,,,,,,,51,29.41,5,,,,,,,,,,,,,,,,72,31.8,4,,,,,,,,,
Nelore,RDM A8977,06/23,IPUAN MAT.,G,RDM A3560,30,1,,,,59,0.33,15,62,4.36,5,41,-0.3,0.1,46,-0.25,4,,,,,,,,,,,,,,,,,,,41,30.1,4,,,,,,,,,,,,,,,,64,29.99,5,,,,,,,,,
Nelore,GRI C471,12/19,C471 FIV DA S.NICE,G,LBMN D4685,30,1,,,,66,0.92,2,67,2.99,14,40,-0.3,0.1,44,-0.371,0.1,,,,,,,,,,,,,,,,,,,46,23.56,12,,,,,,,,,,,,,,,,72,17.41,25,,,,,,,,,
Nelore,MBO 4345,12/15,MBO4345 FIV DE MARIPA,G,LBMN D4685,30,1,,,,60,0.34,14,62,0.75,50,33,-0.3,0.1,37,-0.33,0.5,,,,,,,,,,,,,,,,,,,47,18.23,22,,,,,,,,,,,,,,,,63,14.05,34,,,,,,,,,
Nelore,FANO 3362,12/20,ESCORPIAO DA AGRONOVA,G,COL 25550,30,1,,,,60,0.27,17,62,3.23,12,43,-0.29,0.1,47,-0.32,1,,,,,,,,,,,,,,,,,,,41,27.11,7,,,,,,,,,,,,,,,,63,28.37,6,,,,,,,,,
Nelore,FLPE 13864,08/24,13864 FIV DA COMETA,G,EAO B1828,30,1,,,,60,0.5,9,59,3.38,11,37,-0.29,0.1,39,-0.21,9,,,,,,,,,,,,,,,,,,,42,29.01,5,,,,,,,,,,,,,,,,63,31.89,4,,,,,,,,,
Nelore,ROPP 290,12/23,ELLE FIV DA MATUTINA,G,EAO B5212,30,1,,,,56,0.28,17,57,2.51,18,35,-0.29,0.1,38,-0.22,8,,,,,,,,,,,,,,,,,,,38,26.64,8,,,,,,,,,,,,,,,,62,28.66,6,,,,,,,,,
Nelore,MBO 8934,06/19,8934 FIV DE MARIPA,G,RDM 6023,30,1,,,,61,0.24,19,62,4.58,4,34,-0.29,0.1,38,-0.35,0.5,,,,,,,,,,,,,,,,,,,45,24.73,10,,,,,,,,,,,,,,,,69,23.22,13,,,,,,,,,
Nelore,EAON 6842,09/24,N6842 FIV EAO,G,LBMN D4685,30,1,,,,59,0.62,6,60,1.59,29,33,-0.29,0.1,36,-0.32,1,,,,,,,,,,,,,,,,,,,46,21.43,16,,,,,,,,,,,,,,,,65,17.33,25,,,,,,,,,
Nelore,MMAR 4423,09/24,4423 FIV DA MARCONDES,G,BONS 4404,30,1,,,,52,1.13,1,52,4.36,5,30,-0.29,0.1,34,-0.06,79,,,,,,,,,,,,,,,,,,,36,36.22,0.1,,,,,,,,,,,,,,,,58,33.08,3,,,,,,,,,
Nelore,FZNM 10068,10/17,MARATA 10068,G,RDM 8020,30,1,,,,30,0.29,16,63,3.66,9,39,-0.287,0.1,42,-0.241,5,,,,,,,,,,,,,,,,,,,30,29.25,5,,,,,,,,,,,,,,,,69,39.1,0.5,,,,,,,,,
Nelore,WKN 571,08/14,571 FIV DA ARACA,G,LBMN D4685,30,1,,,,68,0.52,8,69,2.09,23,39,-0.287,0.1,43,-0.432,0.1,,,,,,,,,,,,,,,,,,,50,24.77,10,,,,,,,,,,,,,,,,75,17.89,24,,,,,,,,,
Nelore,GREN C5498,07/21,C5498 FIV DA GREN.,G,LBMN D4685,30,1,,,,57,0.57,7,58,1.64,28,32,-0.284,0.1,35,-0.387,0.1,,,,,,,,,,,,,,,,,,,45,22.4,14,,,,,,,,,,,,,,,,63,18.41,23,,,,,,,,,
Nelore,AGZ 1940,08/21,AGZ1940,G,REM 5531,30,1,,,,60,0.43,11,63,1.27,34,37,-0.283,0.1,40,-0.496,0.1,,,,,,,,,,,,,,,,,,,48,18.84,21,,,,,,,,,,,,,,,,69,16.79,26,,,,,,,,,
Nelore,FANO 4384,09/22,GALAN DA AGRONOVA,G,KAT 3881,30,1,,,,65,0.36,13,66,3.91,7,51,-0.28,0.1,55,-0.29,2,,,,,,,,,,,,,,,,,,,45,28.91,5,,,,,,,,,,,,,,,,69,27.81,7,,,,,,,,,
Nelore,FANO 3376,12/20,ELETRONICO DA AGRONOV,G,COL 25550,30,1,,,,60,0.29,16,61,2.91,15,45,-0.28,0.1,50,-0.29,2,,,,,,,,,,,,,,,,,,,42,26.99,7,,,,,,,,,,,,,,,,62,26.7,8,,,,,,,,,
Nelore,EAO B1667,08/19,1667 FIV DA EAO,G,LBMN D4685,30,1,,,,64,0.92,2,65,2.03,23,45,-0.28,0.1,48,-0.53,0.1,,,,,,,,,,,,,,,,,,,49,26.84,7,,,,,,,,,,,,,,,,68,20.85,18,,,,,,,,,
Nelore,HORA 7140,12/22,7140 TE DA HORA,G,BONS 3108,30,1,,,,62,0.27,17,63,4.04,7,45,-0.28,0.1,49,-0.32,1,,,,,,,,,,,,,,,,,,,50,28.51,5,,,,,,,,,,,,,,,,67,26.82,8,,,,,,,,,
Nelore,JNM 6302,10/22,6302 FIV DE URUCU,G,RDM A1335,30,1,,,,63,0.65,6,64,4.6,4,42,-0.28,0.1,45,-0.25,4,,,,,,,,,,,,,,,,,,,48,29.95,4,,,,,,,,,,,,,,,,73,30.16,5,,,,,,,,,
Nelore,AKC 1152,08/21,AKC1152 FIV R1,G,LBMN D4685,30,1,,,,62,0.44,11,62,4.83,3,39,-0.28,0.1,42,-0.383,0.1,,,,,,,,,,,,,,,,,,,48,26.63,8,,,,,,,,,,,,,,,,68,21.8,16,,,,,,,,,
Nelore,WWRA 143,02/25,143 FIV R2W,G,EAO B8522,31,1,48,92.16,1,,,,58,8.14,0.1,,,,,,,,,,,,,,,,,,,,,,,,,41,47.55,0.1,41,7.45,0.1,,,,,,,,,,,,,62,49.14,0.1,,,,54,1.88,2,41,99.13,1
Nelore,WWRA 151,02/25,151 FIV R2W,G,EAO B8522,31,1,50,97.13,0.1,,,,57,8.67,0.1,,,,,,,,,,,,,,,,,,,,,,,,,41,46.99,0.1,41,6.4,0.5,,,,,,,,,,,,,63,45.99,0.1,,,,54,2.07,1,41,99.13,1
Nelore,FVCP 5069,08/25,5069 FIV FVC,G,MCPJ 8259,31,1,49,98.4,0.1,,,,33,5.77,1,,,,,,,,,,,,,,,,,,,,,,,,,33,46.41,0.1,47,8.25,0.1,,,,,,,,,,,,,44,53.81,0.1,,,,46,1.73,3,41,99.13,1
Nelore,RDM B213,08/23,ICLOUD MAT.,G,RDM A4655,31,1,53,87.09,6,,,,61,8.92,0.1,,,,,,,,,,,,,,,,,,,,,,,,,39,46.09,0.1,39,6.45,0.5,,,,,,,,,,,,,65,50.13,0.1,,,,57,1.84,2,44,99.11,1
Nelore,FVCP 5076,08/25,5076 FIV FVC,G,MCPJ 8259,31,1,36,96.87,0.1,,,,48,5.81,1,,,,,,,,,,,,,,,,,,,,,,,,,32,45.89,0.1,32,8.19,0.1,,,,,,,,,,,,,36,52.96,0.1,,,,36,1.7,3,48,99.15,0.1
Nelore,SINO 4265,08/24,L4265 SINO,G,SINO 3015,31,1,53,84.84,11,,,,59,7.18,0.1,,,,,,,,,,,,,,,,,,,,,,,,,43,45.31,0.1,43,7.97,0.1,,,,,,,,,,,,,66,46.4,0.1,,,,55,1.32,8,46,95.72,2
Nelore,FVCP 4307,08/24,GRIFO FIV FVC,G,IPB 6732,31,1,54,91.64,2,,,,63,5.96,1,,,,,,,,,,,,,,,,,,,,,,,,,47,45.18,0.1,47,8.61,0.1,,,,,,,,,,,,,67,49.84,0.1,,,,59,2.21,0.5,50,99.13,1
Nelore,REMQ 299,07/23,REM NORMANDO FIV GEN.,G,FANO 2762,31,1,51,92.96,1,,,,62,6.52,0.5,,,,,,,,,,,,,,,,,,,,,,,,,42,44.99,0.1,43,6.19,1,,,,,,,,,,,,,65,52.74,0.1,,,,56,2.29,0.5,42,91.25,4
Nelore,FANO 5417,08/24,JUIZ DA AGRONOVA,G,FANO 2995,31,1,51,90.85,2,,,,59,6.55,0.5,,,,,,,,,,,,,,,,,,,,,,,,,40,44.97,0.1,40,5.28,2,,,,,,,,,,,,,64,51.12,0.1,,,,56,1.75,3,44,99.15,0.1
Nelore,REMP 3058,07/25,REM3058P FIV GENETICA,G,REMP 2118,31,1,44,91.63,2,,,,47,9.08,0.1,,,,,,,,,,,,,,,,,,,,,,,,,38,44.81,0.1,44,6.79,0.5,,,,,,,,,,,,,42,48.61,0.1,,,,38,1.77,3,44,96.79,2
Nelore,JOYA 236,11/25,WY236FIV DA YARA,G,MCPJ 8259,31,1,49,99.3,0.1,,,,39,5.61,2,,,,,,,,,,,,,,,,,,,,,,,,,36,44.75,0.1,50,7.82,0.1,,,,,,,,,,,,,41,49.99,0.1,,,,42,2.12,1,40,99.13,1
Nelore,FNAN 426,08/25,FNAN ENERGETICO FIV,G,RGM 8447,31,1,47,95.02,0.5,,,,38,8.32,0.1,,,,,,,,,,,,,,,,,,,,,,,,,38,44.7,0.1,47,4.09,6,,,,,,,,,,,,,41,45.2,0.1,,,,47,2.41,0.1,47,98.68,1
Nelore,FNFJ 7,07/24,NOBRE DA 7P,G,EAO B7661,31,1,49,99.15,0.1,,,,57,6.14,1,,,,,,,,,,,,,,,,,,,,,,,,,41,44.6,0.1,41,5.64,2,,,,,,,,,,,,,63,48.01,0.1,,,,54,2.46,0.1,43,99.15,0.1
Nelore,DVD 6646,07/24,COLORADO CONFIANCA,G,LCCF 910,31,1,51,93.14,1,,,,60,9.68,0.1,,,,,,,,,,,,,,,,,,,,,,,,,39,44.51,0.1,39,6.68,0.5,,,,,,,,,,,,,64,44.35,0.1,,,,55,1.78,3,45,93.94,3
Nelore,LCSE 310,09/25,DD TT,G,XRGM 4865,31,1,47,96.94,0.1,,,,42,9.97,0.1,,,,,,,,,,,,,,,,,,,,,,,,,37,44.43,0.1,57,3.57,10,,,,,,,,,,,,,45,39.52,0.5,,,,41,2.51,0.1,47,99.15,0.1
Nelore,JOYA 241,11/25,WY241FIV DA YARA,G,MCPJ 8259,31,1,41,98.58,0.1,,,,47,5.45,2,,,,,,,,,,,,,,,,,,,,,,,,,35,44.34,0.1,41,7.76,0.1,,,,,,,,,,,,,43,49.62,0.1,,,,44,2.09,1,35,99.14,0.5
Nelore,RGM A1452,09/24,REVOLUCIONARIO RG,G,RGM 7765,31,1,46,90.29,2,,,,56,5.52,2,,,,,,,,,,,,,,,,,,,,,,,,,38,44.28,0.1,38,12.46,0.1,,,,,,,,,,,,,60,40.07,0.5,,,,52,1.92,2,39,99.14,0.5
Nelore,FVCP 5117,08/25,5117 FIV FVC,G,MCPJ 8259,31,1,36,93.91,0.5,,,,37,6.01,1,,,,,,,,,,,,,,,,,,,,,,,,,36,44.13,0.1,47,8.4,0.1,,,,,,,,,,,,,39,48.65,0.1,,,,39,2.03,1,48,91.11,4
Nelore,VIV 6476,10/24,6476 FIV PRONEL,G,VIV 5156,31,1,48,93.04,1,,,,57,8.65,0.1,,,,,,,,,,,,,,,,,,,,,,,,,39,44.04,0.1,39,4.62,4,,,,,,,,,,,,,62,51.08,0.1,,,,53,2.09,1,41,94.92,3
Nelore,FVCP 5074,08/25,5074 FIV FVC,G,MCPJ 8259,31,1,49,91.26,2,,,,47,4.58,4,,,,,,,,,,,,,,,,,,,,,,,,,34,43.95,0.1,50,9.5,0.1,,,,,,,,,,,,,51,46.25,0.1,,,,44,2.37,0.1,43,96.75,2
Nelore,FVCP 5518,11/25,5518 FIV FVC,G,MCPJ 8259,31,1,42,92.57,1,,,,42,5.47,2,,,,,,,,,,,,,,,,,,,,,,,,,42,43.88,0.1,42,8.08,0.1,,,,,,,,,,,,,42,47.6,0.1,,,,42,1.88,2,42,98.78,1
Nelore,FVC 18767,07/25,18767 FIV FVC,G,MCPJ 8259,31,1,39,90.46,2,,,,48,6.88,0.1,,,,,,,,,,,,,,,,,,,,,,,,,33,43.88,0.1,44,7.34,0.1,,,,,,,,,,,,,43,50.53,0.1,,,,48,1.81,3,33,99.12,1
Nelore,FVCP 4329,08/24,GOLFINHO FIV FVC,G,IPB 6732,31,1,52,92.58,1,,,,61,7.46,0.1,,,,,,,,,,,,,,,,,,,,,,,,,45,43.85,0.1,45,7.9,0.1,,,,,,,,,,,,,66,43.54,0.1,,,,59,2.34,0.1,46,99.14,0.5
Nelore,CLRP 3393,10/23,3393Q DA CLR,G,LCCF 910,31,1,51,87.76,5,,,,60,7.82,0.1,,,,,,,,,,,,,,,,,,,,,,,,,40,43.83,0.1,40,6.59,0.5,,,,,,,,,,,,,62,46.48,0.1,,,,56,1.84,2,44,99.05,1
Nelore,NJMP 15400,06/25,15400P FIV JMP,G,XRGM 4865,31,1,36,86.57,7,,,,48,9.16,0.1,,,,,,,,,,,,,,,,,,,,,,,,,36,43.8,0.1,40,5.39,2,,,,,,,,,,,,,47,41.17,0.1,,,,45,2.23,0.5,47,99.1,1
Nelore,FVC 19444,01/26,19444 FIV FVC,G,MCPJ 8259,31,1,42,93.24,1,,,,42,5.6,2,,,,,,,,,,,,,,,,,,,,,,,,,42,43.78,0.1,42,7.73,0.1,,,,,,,,,,,,,42,47.95,0.1,,,,42,1.97,2,42,99.15,0.1
Nelore,JBJ 4293,07/25,JBJ 4293,G,MCPJ 8108,31,1,36,97.35,0.1,,,,49,7.96,0.1,,,,,,,,,,,,,,,,,,,,,,,,,36,43.7,0.1,47,6.32,0.5,,,,,,,,,,,,,48,38.48,1,,,,47,2.43,0.1,51,99.13,1
Nelore,NJMP 12697,06/24,12697P FIV JMP,G,MCPJ 6525,31,1,49,95.87,0.1,,,,55,6.02,1,,,,,,,,,,,,,,,,,,,,,,,,,39,43.65,0.1,39,6.76,0.5,,,,,,,,,,,,,61,49.97,0.1,,,,52,1.96,2,41,99.13,1
Nelore,FVCP 4400,08/24,GINSENG FIV FVC,G,EAO B7661,31,1,49,91.9,1,,,,58,5.79,1,,,,,,,,,,,,,,,,,,,,,,,,,43,43.61,0.1,43,7.46,0.1,,,,,,,,,,,,,63,45.64,0.1,,,,55,2.56,0.1,44,99.13,1
Nelore,WWRA 47,07/24,47 FIV DA R2W,G,RDM A5492,31,1,48,93.71,0.5,,,,57,5.66,2,,,,,,,,,,,,,,,,,,,,,,,,,37,43.58,0.1,37,6.47,0.5,,,,,,,,,,,,,60,45.95,0.1,,,,52,2.5,0.1,41,96.06,2
Nelore,MMAR 4558,10/24,BACCO DA MARCONDES,G,RSAN A978,31,1,43,99.3,0.1,,,,52,6.88,0.1,,,,,,,,,,,,,,,,,,,,,,,,,35,43.57,0.1,35,4.91,3,,,,,,,,,,,,,60,48.25,0.1,,,,49,1.76,3,37,99.15,0.1
Nelore,REMP 3107,07/25,REM3107P FIV GENETICA,G,REMP 2118,31,1,46,84.09,14,,,,40,8.5,0.1,,,,,,,,,,,,,,,,,,,,,,,,,40,43.55,0.1,51,7.04,0.1,,,,,,,,,,,,,43,48.51,0.1,,,,40,2.04,1,47,99.15,0.1
Nelore,MMVA 9197,12/24,9197 FIV DA JACAMIM,G,REMP 1416,31,1,52,93.84,0.5,,,,59,6.89,0.1,,,,,,,,,,,,,,,,,,,,,,,,,40,43.52,0.1,40,5.26,2,,,,,,,,,,,,,65,44.74,0.1,,,,55,2.78,0.1,44,97.26,2
Nelore,WWRA 162,02/25,162 FIV R2W,G,RDM A5492,31,1,48,90.85,2,,,,58,4.46,5,,,,,,,,,,,,,,,,,,,,,,,,,38,43.5,0.1,38,7.8,0.1,,,,,,,,,,,,,62,44.05,0.1,,,,54,2.44,0.1,41,97.45,2
Nelore,COL 30285,09/24,30285 FIV COL,G,RDM A5492,31,1,45,91.82,2,,,,56,6.85,0.1,,,,,,,,,,,,,,,,,,,,,,,,,36,43.46,0.1,36,7.69,0.1,,,,,,,,,,,,,58,46.21,0.1,,,,52,1.96,2,38,90.83,4
Nelore,SINO 4997,01/26,N4997 SINO,G,MCPJ 8108,31,1,43,93.06,1,,,,40,6.54,0.5,,,,,,,,,,,,,,,,,,,,,,,,,34,43.45,0.1,42,6.12,1,,,,,,,,,,,,,49,46.51,0.1,,,,39,2.64,0.1,44,99.15,0.1
Nelore,DVD 6555,07/24,CORONEL CONFIANCA,G,KPA 12,31,1,44,87.99,5,,,,55,8.3,0.1,,,,,,,,,,,,,,,,,,,,,,,,,37,43.43,0.1,37,5.37,2,,,,,,,,,,,,,59,47.14,0.1,,,,52,2.62,0.1,38,98.2,2
Nelore,REMP 2709,09/24,REM OFICIAL FIV GEN.A,G,REMP 1715,31,1,46,87.13,6,,,,54,7.29,0.1,,,,,,,,,,,,,,,,,,,,,,,,,37,43.43,0.1,37,6.07,1,,,,,,,,,,,,,58,45.18,0.1,,,,50,3.05,0.1,37,94.75,3
Nelore,FVCP 4311,08/24,GRAVAME FIV FVC,G,IPB 6732,31,1,56,92.87,1,,,,62,7.37,0.1,,,,,,,,,,,,,,,,,,,,,,,,,44,43.39,0.1,44,7.2,0.1,,,,,,,,,,,,,64,44.56,0.1,,,,59,1.87,2,48,99.15,0.1
Nelore,VCA 8990,01/25,8990 FIV PO DA VC,G,REMP 1416,31,1,47,91.8,2,,,,57,5.89,1,,,,,,,,,,,,,,,,,,,,,,,,,38,43.39,0.1,38,4.8,4,,,,,,,,,,,,,62,49.66,0.1,,,,53,1.78,3,40,99.14,0.5
Guzerá,MGZ019040,02/18,ASP CABAL TE,G,CNS 7696,"37,38,39,44",4,,,,,,,,,,,,,,,,44,-0.69,2,,,,,,,39,34.62,3,,,,45,25.94,0.5,39,32.15,0.5,43,1.36,17,,,,,,,39,12.4,0.1,48,13.94,2,46,22.46,0.5,,,,66,1.98,20,41,69.34,18
Guzerá,FNF A471,11/09,GRAFICO FIV NF,G,MVB 20,"37,38,40,41,42,43,44",7,,,,,,,,,,,,,,,,31,-0.08,42,,,,,,,31,38.13,1,,,,39,10.54,13,31,29.98,2,47,2.79,1,45,2.08,5,44,5.94,0.5,46,9.26,1,46,11.35,6,47,16.7,3,39,3.95,15,78,2.45,9,48,77.03,2
Guzerá,ITVT 1064,11/16,GUZERA IT 1064,G,RPOG 171,"37,38,43,44,45,46",6,,,,54,0.42,5,57,2.06,2,,,,,,,44,-0.75,2,,,,,,,42,31.05,7,,,,45,23.99,0.5,42,29.01,2,42,3.76,0.1,,,,41,6.57,0.5,49,9.49,0.5,41,16.16,1,45,20.2,1,,,,54,1.46,39,43,67.01,26
Guzerá,CNS 7222,09/06,ANJO S,G,CNS 5827,"37,38,41,43,44,45",6,,,,61,-0.12,82,63,1.28,6,,,,,,,38,-0.16,31,,,,,,,38,33.95,3,,,,54,12.97,7,38,27.8,3,46,0.95,29,,,,48,5.36,1,50,8.56,1,53,13.36,3,54,13.27,9,,,,80,2.86,4,59,66.25,29
Guzerá,ICIL 867,08/16,QUARTEL FIV DA ICIL,G,NESZ 776,"37,38,41,43,44",5,,,,,,,,,,,,,,,,37,-0.1,39,,,,,,,37,35.15,2,,,,46,9.7,16,37,27.69,3,42,1.26,20,,,,40,4.6,2,48,11.63,0.5,49,18,0.5,48,17.41,3,,,,56,2.37,11,40,70.73,13
Guzerá,FNF A753,03/10,HAMAL NF,G,TABO 866,"37,38,39,40,41,42",6,,,,,,,,,,,,,,,,45,-0.57,5,,,,,,,38,35.91,2,,,,39,6.44,30,38,27.15,4,39,2.57,2,50,1.28,13,,,,,,,,,,39,4.09,49,43,6.16,5,60,2.81,4,38,74.09,5
Guzerá,FNF 9490,10/07,ENXOVAL FIV NF,G,HQB 258,"37,38,40,43,44",5,,,,,,,,,,,,,,,,35,0.18,85,,,,,,,35,29.96,9,,,,38,17.68,2,35,26.37,5,42,1.26,20,,,,48,2.61,12,48,7.83,2,39,9.3,12,39,16.21,4,,,,72,1.58,35,41,80.76,0.5
Guzerá,OJA 134,08/10,IOIO OJ,G,ROES 84,"37,38,39,41,45",5,,,,82,-0.4,99,83,3.05,0.5,,,,,,,41,-0.93,0.5,,,,,,,39,32.25,5,,,,66,10.14,14,39,25.67,6,39,-2.27,100,,,,,,,,,,,,,66,4.52,47,,,,87,2.69,5,53,79.11,1
Guzerá,HEMC 358,05/13,FOCUS DA HE,G,RPOG 94,"37,38,41,43,44,45,46",7,,,,76,0.44,4,77,2.23,1,,,,,,,38,-0.23,25,,,,,,,38,26.75,16,,,,52,20.23,1,38,24.9,7,50,-0.48,97,,,,47,0.99,39,48,5.54,7,50,13.2,3,52,14.27,7,,,,79,2.38,10,45,66.15,30
Guzerá,MGZ017958,09/17,ASP BOHIO TE,G,CNS 7696,"37,38,39,43,44",5,,,,,,,,,,,,,,,,43,-0.97,0.5,,,,,,,42,30.88,7,,,,40,10.46,13,40,24.86,7,44,0.83,32,,,,39,3.46,5,45,9.83,0.5,44,10.86,7,40,14.45,6,,,,42,1.51,37,44,72.43,8
Guzerá,HQB 6864,08/17,MARCA SOL VULCANO,G,CNS 6391,"37,38,41",3,,,,,,,,,,,,,,,,40,-0.44,10,,,,,,,40,36.05,2,,,,45,-2.73,80,40,24.54,8,41,2.48,2,,,,,,,,,,,,,45,6.58,31,,,,66,2.77,4,49,79.23,1
Guzerá,ITVT 1498,08/19,GUZERA IT 1498,G,ITVT 233,"37,38,39,42,43,44,45",7,,,,69,0.21,28,72,3.72,0.1,,,,,,,45,-0.8,1,,,,,,,45,23.98,23,,,,40,25.43,0.5,40,24.39,8,50,2.44,2,44,-0.38,77,41,2.92,9,47,5.76,7,45,18.1,0.5,40,17.1,3,41,5.65,6,68,0.47,79,52,77.02,2
Guzerá,ITVT 1404,09/18,GUZERA IT 1404,G,HEMC 358,"37,38,42,43,44,45,46",7,,,,70,0.57,1,73,2.21,1,,,,,,,33,0.18,85,,,,,,,33,23,26,,,,47,20.14,1,33,22.14,14,44,2.32,3,39,0.1,52,45,-1.06,96,49,5.62,7,46,6.19,26,47,13.06,9,38,5.1,8,67,0.77,61,48,77.82,2
Guzerá,GCIK 29,06/14,OREGON DC TE,G,TABO 636,"37,38,41",3,,,,,,,,,,,,,,,,37,-0.09,40,,,,,,,37,29.95,9,,,,39,2.96,49,37,22.06,14,50,-0.61,98,,,,,,,,,,,,,39,10.14,17,,,,60,3.11,2,50,69.77,16
Guzerá,ITVT 233,05/13,MESTRE TE ITAT,G,CNS 4995,"37,38,40,41,42",5,,,,,,,,,,,,,,,,40,-0.26,22,,,,,,,40,30.04,9,,,,52,0.94,61,40,21.37,16,40,2.12,4,45,-2.3,100,,,,,,,,,,52,1.42,68,33,4.85,9,79,2.43,9,47,75.67,4
Guzerá,ITG 3164,04/10,ACIDO TE IT,G,NESZ 2,"37,38,43,44,45",5,,,,58,-0.12,82,61,1.7,3,,,,,,,45,-0.16,31,,,,,,,43,22.91,27,,,,50,16.44,3,43,21.07,17,49,-0.11,84,,,,52,2.51,13,51,4.28,14,47,14.79,2,50,16.23,4,,,,63,1.82,25,43,67.87,23
Guzerá,FNF A2547,05/14,MANSO FIV NF,G,CNS 4995,"37,38,40",3,,,,,,,,,,,,,,,,45,-0.07,43,,,,,,,40,25.88,18,,,,43,-4.37,87,40,16.93,30,44,1.3,19,,,,,,,,,,,,,43,2.12,63,,,,58,2.14,16,40,68.99,19
Guzerá,LKW 1058,04/16,QUIMICO FIV BOA LEMBR,G,MAPZ 382,"37,38,41",3,,,,,,,,,,,,,,,,45,0.27,93,,,,,,,40,21.06,32,,,,39,6.19,31,39,16.69,30,51,-0.06,80,,,,,,,,,,,,,50,5.44,41,,,,57,2.8,4,51,70.72,13
Guzerá,HQB 2904,05/09,MARCA SOL,,MAGNUM 5735,"39,40,41,42",4,,,,,,,,,,,,,,,,32,-0.68,3,,,,,,,,,,,,,,,,15,29.64,2,30,1.83,8,23,2.19,4,,,,,,,,,,15,15.1,5,23,4.43,11,73,2.98,3,46,77.98,2
Guzerá,ITG 3295,09/11,BECO IT,,CNS 7222,"39,40,42,44,46",5,,,,55,0.57,1,58,0.86,11,,,,,,,24,-0.61,4,,,,,,,,,,,,,,,,24,32.18,0.5,26,2.46,2,18,3.29,1,,,,39,11.94,0.1,29,20.22,0.5,53,21.93,1,15,7.56,2,64,1.83,25,34,73.71,6
Guzerá,IZSZ A742,09/09,IBERIO DO IZ,,IZSZ A521,"39,41",2,,,,,,,,,,,,,,,,16,-0.45,9,,,,,,,,,,,,,,,,14,24.36,8,15,1.49,14,,,,,,,,,,,,,14,6.54,31,,,,67,3.07,2,22,62.48,66
Guzerá,FNF A2161,06/13,LAURINO FIV NF,,CNS 4995,40,1,,,,,,,,,,,,,,,,22,-0.85,1,,,,,,,,,,,,,,,,12,28.81,2,23,1.63,11,,,,,,,,,,,,,12,13.22,9,,,,49,2.96,3,34,83.81,0.5
Guzerá,HQB 1828,09/07,MARCA SOL JUA,,HQB 381,40,1,,,,,,,,,,,,,,,,22,-0.34,16,,,,,,,,,,,,,,,,13,32.82,0.5,22,2.32,3,,,,,,,,,,,,,13,16.17,4,,,,59,3.12,2,37,83.75,0.5
Guzerá,OJA 116,08/10,IENE OJ,,ROES 84,40,1,,,,,,,,,,,,,,,,17,-0.4,13,,,,,,,,,,,,,,,,17,28.13,3,19,1.08,25,,,,,,,,,,,,,17,25.4,0.5,,,,52,1.59,35,27,83.24,0.5
Guzerá,DACI 1297,05/07,GINO FIV DO DER,,HQB 381,40,1,,,,,,,,,,,,,,,,18,-0.74,2,,,,,,,,,,,,,,,,18,32.03,0.5,21,2.74,1,,,,,,,,,,,,,47,14.77,6,,,,54,3.07,2,28,82.96,0.5
Guzerá,FNF A2156,06/13,LEVIANO FIV NF,,CNS 4995,40,1,,,,,,,,,,,,,,,,18,-0.16,31,,,,,,,,,,,,,,,,13,29.11,2,22,2.26,3,,,,,,,,,,,,,13,10.54,16,,,,38,3.05,2,27,82.8,0.5
Guzerá,CSCG 1761,08/06,FAMOSO DE NAVIRAI,,CNS 4995,40,1,,,,,,,,,,,,,,,,22,0.15,81,,,,,,,,,,,,,,,,14,32.43,0.5,29,3.12,0.5,,,,,,,,,,,,,14,17.54,3,,,,61,3.12,2,35,80.84,0.5
Guzerá,FNF 9487,10/07,ERMITAO FIV NF,,HQB 258,40,1,,,,,,,,,,,,,,,,21,0.17,84,,,,,,,,,,,,,,,,16,24.17,9,26,1.26,20,,,,,,,,,,,,,17,17.64,3,,,,56,1.58,35,33,80.76,0.5
Guzerá,FNF 8767,04/06,DOCENTE NF,,FNF 7026,40,1,,,,,,,,,,,,,,,,18,-0.07,43,,,,,,,,,,,,,,,,8,19.73,21,21,1.32,18,,,,,,,,,,,,,10,10.12,17,,,,54,2.01,19,30,80.47,1
Guzerá,ITG 3397,09/12,CARAMELO FIV IT,,CNS 4995,40,1,,,,,,,,,,,,,,,,22,-0.57,5,,,,,,,,,,,,,,,,22,31.06,1,25,2.91,1,,,,,,,,,,,,,30,16.57,4,,,,61,2.47,8,31,80.29,1
Guzerá,FNF 9963,11/08,FISGADOR NF,,TOTG 997,40,1,,,,,,,,,,,,,,,,24,0.44,99,,,,,,,,,,,,,,,,9,27.07,4,27,2.67,2,,,,,,,,,,,,,9,10.93,15,,,,58,2.38,10,37,80.15,1
Guzerá,ITG 3097,05/09,VERMUTE TE IT,G,MABI 396,40,1,,,,,,,,,,,,,,,,43,0.31,95,,,,,,,,,,,,,,,,39,29.18,2,41,2.87,1,,,,,,,,,,,,,44,14.46,6,,,,61,3.12,2,39,79.84,1
Guzerá,ITG 3382,07/12,CAMAROTE TE IT,,ITG 3097,40,1,,,,,,,,,,,,,,,,13,-0.18,29,,,,,,,,,,,,,,,,13,28.79,2,55,2.81,1,,,,,,,,,,,,,45,18.08,2,,,,65,2.47,8,42,77.54,2
Guzerá,ITG 2920,09/07,SUECO IT,,MVB 20,"40,41,42,44",4,,,,,,,,,,,,,,,,24,-0.27,21,,,,,,,,,,,,,,,,24,36.69,0.1,26,3.64,0.5,19,4.41,0.5,,,,37,6.56,4,26,20.67,0.5,62,28.54,0.1,11,3.8,16,66,3.03,3,35,76.99,2
Guzerá,RPOG 138,09/10,HUNT TE DA ROSALITO,,PEAC 491,40,1,,,,,,,,,,,,,,,,12,-0.66,3,,,,,,,,,,,,,,,,12,34.77,0.1,14,2.14,4,,,,,,,,,,,,,43,25.85,0.5,,,,51,2.52,8,22,76.86,3
Guzerá,RFS 3314,02/09,DECANO TE RF,,JFT 2422,40,1,,,,,,,,,,,,,,,,13,-0.09,40,,,,,,,,,,,,,,,,8,20.89,17,13,2.37,3,,,,,,,,,,,,,8,1.82,65,,,,38,2.61,6,25,74.71,5
Guzerá,RPOG 171,02/11,ILUSTRE DA ROSALITO,,ITG 2579,40,1,,,,,,,,,,,,,,,,20,-0.75,2,,,,,,,,,,,,,,,,20,30.95,1,42,1.97,6,,,,,,,,,,,,,53,15.69,5,,,,63,2.99,3,40,74.67,5
Guzerá,HQB 1694,06/07,MARCA SOL,,JAIRZINHO 8170,40,1,,,,,,,,,,,,,,,,21,-0.13,35,,,,,,,,,,,,,,,,21,29.98,2,24,1.4,16,,,,,,,,,,,,,24,7.75,26,,,,67,3.13,2,37,73.09,7
Guzerá,OJA 218,08/12,LAMBARI OJ,,ITG 2579,40,1,,,,,,,,,,,,,,,,15,-1.03,0.5,,,,,,,,,,,,,,,,12,30.9,1,15,0.88,31,,,,,,,,,,,,,37,21.9,1,,,,35,2.34,11,23,72.7,8
Guzerá,MYKT 478,09/13,DIGITAL FIV GUZERA 10,G,ITG 1235,40,1,,,,,,,,,,,,,,,,44,-1.08,0.5,,,,,,,,,,,,,,,,38,28.36,3,38,0.73,36,,,,,,,,,,,,,50,17.17,3,,,,38,2.36,11,42,72.46,8
Guzerá,ITG 3154,02/10,ABRACO TE IT,G,MABI 396,40,1,,,,,,,,,,,,,,,,45,-0.74,2,,,,,,,,,,,,,,,,40,29.68,2,43,2.76,1,,,,,,,,,,,,,51,16.06,4,,,,67,2.51,8,40,72.05,9
Guzerá,MGZ014367,05/15,GANCEBU POEMA,G,CNS 7480,40,1,,,,,,,,,,,,,,,,42,-0.63,3,,,,,,,,,,,,,,,,39,12.48,43,46,3.18,0.5,,,,,,,,,,,,,45,3.38,54,,,,47,0.59,71,41,71.97,9
Guzerá,CNS 7259,12/06,AVANTE S,,MVB 20,40,1,,,,,,,,,,,,,,,,28,-0.35,16,,,,,,,,,,,,,,,,26,34.95,0.1,35,2.57,2,,,,,,,,,,,,,47,24.79,0.5,,,,73,3.06,2,26,71.59,10
Guzerá,MNCG 158,12/10,FOGO FIV DA SARG,,GEO 422,40,1,,,,,,,,,,,,,,,,15,-0.38,14,,,,,,,,,,,,,,,,15,20.75,18,19,2.44,2,,,,,,,,,,,,,16,8.11,25,,,,52,1.73,29,25,71.33,11
Guzerá,GEO 512,05/07,ENDERECO FIV GEO,,CNS 4995,40,1,,,,,,,,,,,,,,,,39,-0.12,36,,,,,,,,,,,,,,,,3,31.98,0.5,40,2.28,3,,,,,,,,,,,,,3,17.55,3,,,,83,3.11,2,28,71.18,11
Guzerá,CPTL 375,05/10,JATO DA CAPITAL,,FAFM 792,40,1,,,,,,,,,,,,,,,,16,-0.62,4,,,,,,,,,,,,,,,,16,32.81,0.5,21,0.53,45,,,,,,,,,,,,,21,19.48,2,,,,36,3.19,2,20,70.43,14
Guzerá,OJA 40,09/07,FADO OJ,,ITG 1235,40,1,,,,,,,,,,,,,,,,16,-0.41,12,,,,,,,,,,,,,,,,16,17.93,26,22,0.49,46,,,,,,,,,,,,,18,8.23,24,,,,51,1.71,30,23,69.93,16
Guzerá,MGZ009731,03/11,CCL ABSOLUTO TE,,CNS 4995,40,1,,,,,,,,,,,,,,,,32,-0.49,7,,,,,,,,,,,,,,,,12,21.49,16,38,1.23,20,,,,,,,,,,,,,12,8.16,25,,,,34,2.56,7,30,69.92,16
Guzerá,ITVT 345,12/13,GUZERA IT 345,G,ITG 3097,40,1,,,,,,,,,,,,,,,,33,-0.49,7,,,,,,,,,,,,,,,,33,15.72,33,47,0.71,37,,,,,,,,,,,,,45,0.38,75,,,,77,1.77,27,41,69.14,19
Guzerá,FNF A2577,09/14,MANANCIAL NF,G,IVAG 1700,40,1,,,,,,,,,,,,,,,,42,-0.75,2,,,,,,,,,,,,,,,,42,18.89,23,48,1.66,11,,,,,,,,,,,,,46,-1.67,88,,,,65,2.2,15,49,68.86,20
Guzerá,HQB 2912,05/09,MARCA SOL MAESTRO,,HQB 381,40,1,,,,,,,,,,,,,,,,13,-0.19,28,,,,,,,,,,,,,,,,13,16.59,31,16,1.37,17,,,,,,,,,,,,,19,1.47,67,,,,50,1.83,25,25,68.64,20
Guzerá,CPTL 961,10/13,CADUCEU DA CAPITAL,,IVAG 1700,41,1,,,,,,,,,,,,,,,,8,-0.56,5,,,,,,,,,,,,,,,,8,34.6,0.5,11,0.49,46,,,,,,,,,,,,,15,26.05,0.5,,,,41,3.21,2,22,70.98,12
Guzerá,SIS 560,06/15,SOBERANO SIS,,SULA 1300,41,1,,,,,,,,,,,,,,,,7,0.4,98,,,,,,,,,,,,,,,,7,29.57,2,13,3.66,0.5,,,,,,,,,,,,,36,11.29,14,,,,47,3.15,2,8,74.46,5
Guzerá,HQB 5472,11/14,MARCA SOL ROMANUS,,HQB 1687,41,1,,,,,,,,,,,,,,,,12,-0.16,31,,,,,,,,,,,,,,,,12,27.98,3,15,2.98,1,,,,,,,,,,,,,14,11.95,12,,,,55,3.14,2,17,71.96,9
Guzerá,CNS 7293,06/07,BEIJIM S,,CNS 6145,41,1,,,,,,,,,,,,,,,,9,-0.22,26,,,,,,,,,,,,,,,,9,32.97,0.5,15,2.34,3,,,,,,,,,,,,,25,28.21,0.1,,,,52,3.12,2,20,64.23,45
Guzerá,HQB 6967,09/17,MARCA SOL VESTIBULAR,,HQB 3351,41,1,,,,,,,,,,,,,,,,9,-0.34,16,,,,,,,,,,,,,,,,9,31.89,0.5,12,2.78,1,,,,,,,,,,,,,9,15.51,5,,,,49,3.08,2,14,75.75,3
Guzerá,CNS 9791,10/15,TENOR S,,CNS 7293,"41,44",2,,,,,,,,,,,,,,,,5,-0.3,19,,,,,,,,,,,,,,,,5,31.72,1,16,3.41,0.5,,,,,,,15,4.93,10,22,15.28,2,36,21.23,1,,,,38,3.07,2,8,74.79,4
Guzerá,HQB 6465,10/16,MARCA SOL TRICAMPEAO,,HQB 2904,"41,45",2,,,,43,0.25,22,47,2.68,0.5,,,,,,,14,-0.35,16,,,,,,,,,,,,,,,,2,29.62,2,16,2.22,3,,,,,,,,,,,,,2,3.51,53,,,,62,3.05,2,15,77.58,2
Guzerá,FMN 1126,11/09,LEVIS DA,,SUACUI 4900,41,1,,,,,,,,,,,,,,,,12,-0.17,30,,,,,,,,,,,,,,,,12,26.12,5,20,-1.38,100,,,,,,,,,,,,,21,14.59,6,,,,49,2.73,5,14,61.97,74
Guzerá,VAR 1576,08/09,PACIFICO VAR,,CNS 4995,41,1,,,,,,,,,,,,,,,,9,-0.12,36,,,,,,,,,,,,,,,,9,23.3,11,19,1.94,6,,,,,,,,,,,,,16,16.74,3,,,,48,2.23,14,17,65.18,38
Guzerá,FNF A960,06/10,HIDRANTE FIV NF,G,A2687,"41,42",2,,,,,,,,,,,,,,,,34,-0.34,16,,,,,,,,,,,,,,,,34,15.82,33,46,2.73,1,52,0.32,41,,,,,,,,,,42,1.79,65,44,3.51,19,70,2.17,15,47,68.32,22
Guzerá,CNSJ 269,11/12,ESPIAO S,,IVAG 1058,"42,43,45",3,,,,30,0.23,25,34,0.92,10,,,,,,,18,-0.09,40,,,,,,,,,,,,,,,,10,31.24,1,22,2.95,1,16,0.24,44,37,4.7,2,44,11.92,0.5,,,,21,23.85,0.5,10,5.39,7,65,1.91,22,,,
Guzerá,CNS 11422,10/20,FENOL S,G,CNS 9982,"43,44",2,,,,,,,,,,,,,,,,,,,,,,,,,,,,,,,,,,38,23.82,9,41,1.82,8,,,,40,6.71,0.5,46,10.34,0.5,42,24.48,0.1,38,19.59,2,,,,46,1.55,36,,,
Guzerá,FNF A4774,12/20,TIROL NF,G,FNF A878,43,1,,,,,,,,,,,,,,,,,,,,,,,,,,,,,,,,,,41,16.4,31,50,1.62,11,,,,44,4.82,1,42,6.39,5,,,,44,7.58,27,,,,41,1.16,47,,,
Guzerá,MGZ022025,08/20,FONTE TE,G,CPTL 375,"43,44",2,,,,,,,,,,,,,,,,,,,,,,,,,,,,,,,,,,40,24.93,7,47,-1,99,,,,49,4.05,3,48,4.56,12,48,16.69,1,49,15.33,5,,,,40,1.45,39,,,
Guzerá,MGZ025170,12/21,ASP GURU TE,G,CNS 9982,43,1,,,,,,,,,,,,,,,,,,,,,,,,,,,,,,,,,,42,16.17,32,48,1.53,13,,,,51,1.84,23,45,4.48,13,,,,47,15.8,4,,,,45,0.57,72,,,
Guzerá,ITVT 1790,09/21,GUZERA IT 1790,G,HQB 6465,44,1,,,,,,,,,,,,,,,,,,,,,,,,,,,,,,,,,,38,23.94,9,38,0.39,51,,,,,,,50,10.76,0.5,44,11.28,6,41,15.66,5,,,,43,0.97,54,,,
Guzerá,HPD 1491,10/19,BACKGROUND,,ITG 1235,45,1,,,,32,0.32,12,35,2.53,1,,,,,,,13,-1.03,0.5,,,,,,,,,,,,,,,,13,30.62,1,,,,,,,,,,,,,,,,32,20.16,1,,,,32,1.94,21,,,
Guzerá,ITVT 953,06/16,GUZERA IT 953,,ITG 3164,45,1,,,,32,-0.24,93,35,1.97,2,,,,,,,8,-0.65,3,,,,,,,,,,,,,,,,8,19.18,23,,,,,,,,,,,,,,,,33,15.2,5,,,,38,-0.43,100,,,
Brahman,OBGP 5672,09/20,SELETO FIV OB,G,UBER 461,"51,52,58,59,60",5,,,,41,0.32,14,44,3.3,0.1,,,,,,,44,-0.29,47,,,,,,,39,14.02,7,,,,41,36.4,0.1,39,20.79,0.5,,,,,,,46,7.78,2,39,5.95,7,50,11.46,2,41,19.91,0.5,,,,56,0.45,21,42,62.28,12
Brahman,UBER 656,12/10,MR UBER POI 656,G,718788,"51,52,55,56,57,59",6,,,,43,-0.12,75,49,2.19,1,,,,,,,31,-0.52,25,,,,,,,31,19,2,,,,43,17.1,5,31,18.42,1,38,1.97,6,49,-3.06,98,59,10.43,0.1,62,3.69,15,,,,60,8.6,22,44,-1.36,98,76,0.61,7,45,71.85,2
Brahman,202068EE,11/20,BROTEAS DE ESPÃ•RITU,G,161487EE,"51,52,57,58",4,,,,,,,,,,,,,,,,46,0.13,95,,,,,,,40,15.64,4,,,,39,22.89,1,39,17.88,2,,,,,,,58,5.04,9,58,3.72,14,60,19.36,0.1,51,16.28,2,,,,66,0.52,13,49,65.57,6
Brahman,OBGP 5677,10/20,SERPENTINO OB,G,OBGP 4230,"51,52,57,58,59,60",6,,,,40,1.19,0.1,41,0.92,9,,,,,,,45,-0.29,47,,,,,,,41,14.1,7,,,,40,24.92,0.5,40,17.4,2,,,,,,,42,6.79,4,41,4.44,11,46,10.08,3,49,12.69,7,,,,56,0.35,33,48,63.44,9
Brahman,190816EE,09/19,ACRON DE ESPÃ•RITU,G,100826EE,"51,52,55,57,58,59,60",7,,,,62,0.45,5,65,0.94,9,,,,,,,31,0,85,,,,,,,31,14.15,7,,,,61,23.74,1,31,17.11,2,,,,,,,62,5.11,9,64,3.98,13,66,21.95,0.1,61,16.14,2,,,,75,0.58,9,39,64.17,8
Brahman,UBER 1622,09/17,MR UBER BACKUP 1622,G,UBER 461,"51,52,56,57,58,59,60",7,,,,42,0.38,10,50,0.76,11,,,,,,,43,-0.04,80,,,,,,,39,14.27,6,,,,42,21.67,2,39,16.56,3,39,3.8,0.5,47,2.47,5,59,10.15,0.1,63,4.08,13,64,9.94,4,57,15.26,3,33,0.21,58,70,0.33,36,50,62.71,11
Brahman,KDO 4942,08/18,DON JUAN DE K DE ORO,G,BRCL 694,"51,52,53,55,57,58",6,,,,,,,,,,,,,,,,43,-1.11,1,,,,,,,43,14.66,5,,,,42,18.71,4,42,15.94,4,,,,,,,41,0.61,52,48,3.84,14,48,9.32,5,42,10.9,12,,,,51,0.6,8,46,64.75,7
Brahman,OBGP 5664,09/20,SOBRADO FIV OB,G,UBER 461,"51,52,59,60",4,,,,44,0.28,18,46,2.4,0.5,,,,,,,45,-0.43,33,,,,,,,39,11.3,15,,,,39,25.28,0.5,39,15.51,4,,,,,,,48,3.44,18,,,,,,,39,13.03,5,,,,53,0.32,37,44,60.41,19
Brahman,UBER 401,02/09,MR UBER POI 401,G,718788,"51,52,56,57,58,59",6,,,,55,-0.09,71,60,1.48,4,,,,,,,48,-0.46,30,,,,,,,48,14.82,5,,,,55,16.17,6,48,15.23,5,49,3.37,1,40,2.56,5,56,3.16,20,59,3.65,15,62,4.51,23,63,10.19,15,36,1.34,17,71,0.36,32,51,62.5,12
Brahman,OBGP 1193,09/09,MATRIX OB,G,OBGP 367,"51,52,56,57,58,59,60",7,,,,81,0.32,14,84,0.71,12,,,,,,,59,-0.55,23,,,,,,,59,12.36,11,,,,79,20.71,2,59,14.95,5,60,1.26,14,49,-2.04,91,74,6.08,5,76,5.27,8,79,8.4,7,79,14.95,3,51,-0.35,84,86,0.28,44,67,57.48,47
Brahman,KDO 5021,08/18,MR. APOLO FIV K DE OR,G,BRCL 694,"51,52,53,55,58",5,,,,,,,,,,,,,,,,43,-0.58,20,,,,,,,42,12.02,12,,,,40,18.62,4,40,14.06,7,,,,,,,42,1.45,38,43,1.19,36,49,8.09,8,40,12.06,9,,,,65,0.57,10,42,67.67,3
Brahman,OBGP 4947,09/17,KEMBALI OB,G,OBGP 1193,"51,52,57,59,60",5,,,,67,0.92,0.5,70,0.79,11,,,,,,,31,-0.54,24,,,,,,,31,11.88,13,,,,48,16.38,6,31,13.28,8,,,,,,,45,4.19,13,46,5.82,7,,,,48,6.78,33,,,,73,0.41,26,50,56.51,59
Brahman,UBER 1540,08/16,MR UBER MARABA 1540,G,UBER 656,"51,52",2,,,,,,,,,,,,,,,,43,-0.4,35,,,,,,,41,10.68,17,,,,39,16.09,6,39,12.29,11,,,,,,,47,1.74,34,,,,,,,48,6.36,36,,,,66,0.49,17,41,61.07,16
Brahman,UBER 1506,12/15,MR UBER JATOBA 1506,G,UBER 783,"51,52,56,57,58,59",6,,,,48,-0.11,74,40,2,1,,,,,,,37,0.21,98,,,,,,,37,8.95,26,,,,40,19.2,3,37,12.04,12,40,2,6,44,-2.06,92,59,3.88,15,62,2.7,20,66,8.39,7,59,11.21,11,42,2.02,7,71,0.35,33,47,58.04,31
Brahman,AMRO 806,11/12,MR BR 77 806 FIV,G,727046,"51,52,57,58",4,,,,,,,,,,,,,,,,46,-0.19,63,,,,,,,45,10.77,17,,,,44,14.71,8,44,12.03,12,,,,,,,61,7.66,2,64,3.98,13,66,7.49,9,63,12.32,8,,,,78,0.34,35,49,62.25,12
Brahman,940813,04/15,JDH SIR ELIAS MANSO 1,G,864762,"51,52,53,58",4,,,,,,,,,,,,,,,,45,-0.74,10,,,,,,,42,8.31,30,,,,43,18.45,4,42,11.41,14,,,,,,,44,3.89,15,42,2.07,25,44,7.8,9,43,10.68,13,,,,49,0.44,22,44,57.77,41
Brahman,OBGP 3777,12/13,ATICO OB,G,OMBD 114,"51,52,57,58",4,,,,,,,,,,,,,,,,43,-0.54,24,,,,,,,43,9.94,20,,,,71,11.96,15,43,10.8,16,,,,,,,65,7.89,2,66,5.98,7,69,11.89,1,71,19.97,0.5,,,,85,0.5,16,43,53.42,86
Brahman,AMRO 1392,05/16,MR BR 77 1392,G,864762,"51,52,57,58",4,,,,,,,,,,,,,,,,44,-0.47,29,,,,,,,44,10.76,17,,,,39,10.49,20,39,10.79,16,,,,,,,51,5.35,8,54,5,9,58,9.94,4,54,9.47,17,,,,74,0.43,23,47,63.3,10
Brahman,AMRO 480,07/10,MR BR 77 480,G,AMRO 95,"51,52,56,57",4,,,,,,,,,,,,,,,,43,-0.2,62,,,,,,,43,7.52,35,,,,38,17.67,5,38,10.62,17,44,1.32,13,50,0.55,33,49,7.98,2,46,5.43,8,,,,38,12.09,9,46,-1.91,100,73,-0.16,92,44,54.32,79
Brahman,EAOH 775,08/08,NALTO TE DA EAO,G,2505,"51,52,53,55,56",5,,,,,,,,,,,,,,,,43,-0.95,3,,,,,,,43,14.89,5,,,,43,-0.33,92,43,10.4,18,49,1.81,8,47,0.15,47,50,0.28,58,47,0.19,63,,,,44,6.86,32,45,-0.13,76,54,0.68,3,47,65.61,6
Brahman,191151EE,09/19,191151 DE ESPIRITU,G,131146EE,"51,52,58",3,,,,,,,,,,,,,,,,45,0.48,100,,,,,,,45,9.57,22,,,,40,11.03,18,40,10.09,19,,,,,,,45,1.44,38,45,0.79,42,44,9.45,5,49,13.32,5,,,,59,0.33,36,51,63.31,10
Brahman,UBER 461,10/09,MR UBER ARAGUAIA 461,G,UBER 153,"51,52,56,57",4,,,,,,,,,,,,,,,,54,-0.46,30,,,,,,,52,12.69,10,,,,73,2.68,75,52,9.69,21,52,2.35,4,42,1.34,13,69,3.11,20,73,3.02,18,,,,73,3.32,77,34,0.36,52,81,0.28,44,54,62.12,13
Brahman,902044,03/11,JDH CLANTON DE,,MANSO 839863,"53,55,57,58",4,,,,,,,,,,,,,,,,22,-1.51,0.1,,,,,,,,,,,,,,,,17,13,9,,,,,,,51,4.47,11,53,2.99,18,58,7.45,10,71,15.99,2,,,,71,0.77,2,17,60.42,19
Brahman,UBER 1075,12/12,MR UBER TANQUE 1075,G,846561,53,1,,,,,,,,,,,,,,,,31,-0.97,3,,,,,,,,,,,,,,,,31,11.94,12,,,,,,,,,,47,5.35,8,,,,44,7.27,29,,,,44,0.53,13,38,54.75,76
Brahman,KDO 3695,04/15,3695 DE K DE ORO,G,REA 144,53,1,,,,,,,,,,,,,,,,34,-0.93,4,,,,,,,,,,,,,,,,34,7.46,35,,,,,,,,,,43,0.99,39,,,,38,3.95,72,,,,67,-0.33,99,39,70.46,2
Brahman,CABR 1769,09/11,CABR IOTIN,,1769 846561,"53,55,56,59",4,,,,23,0.25,22,27,1.76,2,,,,,,,20,-0.81,8,,,,,,,,,,,,,,,,20,19.84,0.5,23,1.29,14,18,2.71,4,,,,33,7.24,4,,,,23,15.44,2,8,0.9,29,51,0.72,3,29,56.78,56
Brahman,BRCL 694,11/11,MR BCOL FRATELLO,,GOOD 92,"53,55,57,58",4,,,,,,,,,,,,,,,,26,-0.74,10,,,,,,,,,,,,,,,,12,21.57,0.5,,,,,,,39,4.84,10,47,3.44,16,43,7.17,10,46,16.9,1,,,,61,0.66,4,51,76.98,0.5
Brahman,REPL 656,04/17,MR 656,,REPOL 801153,53,1,,,,,,,,,,,,,,,,23,-0.74,10,,,,,,,,,,,,,,,,11,8.36,28,,,,,,,,,,44,0.78,42,,,,15,2.45,83,,,,59,-0.06,86,18,68.57,3
Brahman,GOOD 1068,11/07,GOOD BRAHMANIA,,1068 660295,"53,55",2,,,,,,,,,,,,,,,,20,-0.74,10,,,,,,,,,,,,,,,,9,14.32,6,,,,,,,,,,38,1.84,28,,,,9,11.42,10,,,,52,0.62,7,33,66.51,5
Brahman,MBR1223929,03/19,GX3. BRUSELAS KILIMAN,G,MBR888497,53,1,,,,,,,,,,,,,,,,36,-0.73,11,,,,,,,,,,,,,,,,36,7.57,34,,,,,,,,,,45,0.29,57,,,,48,7.11,30,,,,50,-0.25,96,42,53.72,82
Brahman,NOG 2348,08/18,2348 DE NOGAL DEL RIO,G,WRRB 115,53,1,,,,,,,,,,,,,,,,43,-0.69,13,,,,,,,,,,,,,,,,38,8.06,30,,,,,,,,,,43,0.4,51,,,,47,5.12,61,,,,53,0.44,22,38,53.34,86
Brahman,OBGP 4138,10/14,DUBAS FIV OB,,OBGP 1193,"53,56",2,,,,,,,,,,,,,,,,20,-0.69,13,,,,,,,,,,,,,,,,20,16.69,3,23,1.31,13,19,-1.44,84,,,,39,4.85,10,,,,30,13.12,5,12,-0.1,73,56,0.49,17,21,60.05,20
Brahman,WLMB 4370,01/16,MR N POUS POI 4370,G,EAOH 775,53,1,,,,,,,,,,,,,,,,35,-0.61,18,,,,,,,,,,,,,,,,35,7.48,35,,,,,,,,,,45,1.97,26,,,,51,4.65,66,,,,50,0.47,19,46,54.03,81
Brahman,MBR994740,08/14,GX3. BRUSELAS MR SUVA,G,865353,"53,58",2,,,,,,,,,,,,,,,,43,-0.59,19,,,,,,,,,,,,,,,,40,13.66,8,,,,,,,46,0.24,59,43,1.64,30,46,8.81,6,49,10.01,15,,,,46,0.52,13,46,71.9,2
Brahman,CSCP 1193,11/14,1193 DE NAVIRAI,G,WRRB 115,"53,55,59",3,,,,48,0.19,30,39,2.18,1,,,,,,,46,-0.58,20,,,,,,,,,,,,,,,,38,13.61,8,,,,,,,,,,40,2.09,25,,,,48,7.96,25,,,,48,0.79,2,41,56.91,55
Brahman,120878EE,08/12,120878 DE,,ESPIRITU 090726EE,54,1,,,,,,,,,,,,,,,,35,0.15,96,,,,,,,,,,,,,,,,10,15.92,4,,,,,,,,,,,,,,,,19,10.66,13,35,1.47,14,62,0.41,26,49,88.79,0.1
Brahman,131159EE,09/13,131159 DE,,ESPIRITU 071544EE,54,1,,,,,,,,,,,,,,,,27,0.14,96,,,,,,,,,,,,,,,,8,16.19,3,,,,,,,,,,,,,,,,19,4.52,67,28,2.02,7,73,0.45,21,38,85.68,0.1
Brahman,110766EE,09/11,110766 DE,,ESPIRITU 080171EE,54,1,,,,,,,,,,,,,,,,18,-0.23,57,,,,,,,,,,,,,,,,14,9.74,21,,,,,,,,,,,,,,,,19,2.54,82,19,0.73,36,36,-0.05,85,25,81.84,0.1
Brahman,130203EE,08/13,130203 DE,,ESPIRITU 091010EE,54,1,,,,,,,,,,,,,,,,38,0.31,99,,,,,,,,,,,,,,,,8,11.48,14,,,,,,,,,,,,,,,,20,5.12,61,35,2.52,5,70,0.66,4,52,81.76,0.1
Brahman,130493EE,08/13,130493 DE,,ESPIRITU 051897EE,54,1,,,,,,,,,,,,,,,,26,-0.1,75,,,,,,,,,,,,,,,,10,7.93,31,,,,,,,,,,,,,,,,11,3.75,74,25,2.03,7,58,-0.25,96,36,81.13,0.1
Brahman,070301EE,08/07,070301 DE,,ESPIRITU 980609EE,54,1,,,,,,,,,,,,,,,,22,0.48,100,,,,,,,,,,,,,,,,8,9.77,21,,,,,,,,,,,,,,,,8,3.35,77,23,1.26,18,31,0.31,39,33,80.87,0.1
Brahman,121319EE,09/12,121319 DE,,ESPIRITU 090665EE,54,1,,,,,,,,,,,,,,,,16,0.45,100,,,,,,,,,,,,,,,,8,14.8,5,,,,,,,,,,,,,,,,36,9.29,18,17,2.72,4,46,-0.24,96,26,80.69,0.1
Brahman,090665EE,08/09,090665 DE,,ESPIRITU 061210EE,54,1,,,,,,,,,,,,,,,,30,0.24,98,,,,,,,,,,,,,,,,15,18.39,1,,,,,,,,,,,,,,,,31,7.1,30,31,2.64,4,45,1.04,2,47,80.01,0.1
Brahman,091115EE,09/09,091115 DE,,ESPIRITU 021225EE,54,1,,,,,,,,,,,,,,,,22,0.39,100,,,,,,,,,,,,,,,,10,19.06,1,,,,,,,,,,,,,,,,36,12.24,8,22,0.77,34,38,0.63,6,31,79.65,0.1
Brahman,081095EE,09/08,081095 DE,,ESPIRITU 020072EE,54,1,,,,,,,,,,,,,,,,33,0.22,98,,,,,,,,,,,,,,,,4,11.33,14,,,,,,,,,,,,,,,,4,7.5,28,31,1.62,12,52,-0.45,100,46,79.6,0.1
Brahman,120151EE,08/12,120151 DE,,ESPIRITU 091010EE,54,1,,,,,,,,,,,,,,,,36,0.68,100,,,,,,,,,,,,,,,,11,7.29,36,,,,,,,,,,,,,,,,30,2.96,79,36,1.6,12,62,0.62,7,52,79.47,0.1
Brahman,150533EE,08/15,150533 DE,,ESPIRITU 120151EE,54,1,,,,,,,,,,,,,,,,32,0.84,100,,,,,,,,,,,,,,,,14,19.6,0.5,,,,,,,,,,,,,,,,46,17.79,1,25,1.26,18,64,0.87,2,42,79.38,0.1
Brahman,141466EE,09/14,141466 DE,,ESPIRITU 070178EE,54,1,,,,,,,,,,,,,,,,34,0.2,98,,,,,,,,,,,,,,,,11,14.16,7,,,,,,,,,,,,,,,,43,12.27,8,31,1.87,9,73,-0.08,87,40,79.25,0.1
Brahman,061075EE,08/06,061075 DE,,ESPIRITU 991889EE,54,1,,,,,,,,,,,,,,,,27,0,85,,,,,,,,,,,,,,,,12,8.13,30,,,,,,,,,,,,,,,,23,3.54,75,27,1.67,11,37,0.23,51,38,79.14,0.1
Brahman,110542EE,08/11,110542 DE,,ESPIRITU 080171EE,54,1,,,,,,,,,,,,,,,,20,0.1,94,,,,,,,,,,,,,,,,13,15.7,4,,,,,,,,,,,,,,,,13,12.81,6,18,1.26,18,42,0.53,13,27,78.91,0.1
Brahman,110116EE,07/11,110116 DE,,ESPIRITU 070178EE,54,1,,,,,,,,,,,,,,,,18,0.18,97,,,,,,,,,,,,,,,,10,8.58,27,,,,,,,,,,,,,,,,10,3.97,72,19,2.24,6,35,-0.23,96,25,78.83,0.1
Brahman,061210EE,09/06,061210 DE,,ESPIRITU 021211EE,54,1,,,,,,,,,,,,,,,,37,0.41,100,,,,,,,,,,,,,,,,13,16.77,3,,,,,,,,,,,,,,,,25,9.05,19,38,2.31,5,46,0.64,5,48,78.41,0.1
Brahman,121827EE,09/12,121827 DE,,ESPIRITU 040479EE,54,1,,,,,,,,,,,,,,,,21,0.12,95,,,,,,,,,,,,,,,,8,14,7,,,,,,,,,,,,,,,,16,7.3,29,19,2.31,5,42,0.34,35,27,78.38,0.1
Brahman,110158EE,07/11,110158 DE,,ESPIRITU 081095EE,54,1,,,,,,,,,,,,,,,,14,0.4,100,,,,,,,,,,,,,,,,11,12.34,11,,,,,,,,,,,,,,,,13,6.41,36,14,1.78,10,40,-0.21,95,20,78.31,0.1
Brahman,091227EE,09/09,091227 DE,,ESPIRITU 061210EE,54,1,,,,,,,,,,,,,,,,22,0.12,95,,,,,,,,,,,,,,,,11,9.88,20,,,,,,,,,,,,,,,,43,5.32,58,23,1.77,10,41,-0.17,93,34,78.29,0.1
Brahman,110510EE,08/11,110510 DE,,ESPIRITU 040703EE,54,1,,,,,,,,,,,,,,,,20,0.04,90,,,,,,,,,,,,,,,,11,16.84,3,,,,,,,,,,,,,,,,45,6.71,33,19,1.66,11,52,0.99,2,26,77.92,0.5
Brahman,120238EE,08/12,120238 DE,,ESPIRITU 091010EE,54,1,,,,,,,,,,,,,,,,19,0.15,96,,,,,,,,,,,,,,,,12,14.33,6,,,,,,,,,,,,,,,,30,7.48,28,16,0.91,29,49,-0.08,87,23,77.89,0.5
Brahman,070035EE,07/07,070035 DE,,ESPIRITU 990226EE,54,1,,,,,,,,,,,,,,,,22,0.07,93,,,,,,,,,,,,,,,,17,10.49,18,,,,,,,,,,,,,,,,19,4.52,67,21,0.4,50,34,0.42,24,31,77.11,0.5
Brahman,110332EE,08/11,110332 DE,,ESPIRITU 021225EE,54,1,,,,,,,,,,,,,,,,28,0.2,98,,,,,,,,,,,,,,,,9,17.6,2,,,,,,,,,,,,,,,,35,7.22,30,28,2.19,6,58,0.72,3,40,77.08,0.5
Brahman,121951EE,10/12,121951 DE,,ESPIRITU 090668EE,54,1,,,,,,,,,,,,,,,,14,0.11,94,,,,,,,,,,,,,,,,14,16.08,3,,,,,,,,,,,,,,,,14,8.93,20,14,2.78,4,37,-0.11,89,21,77.03,0.5
Brahman,150563EE,09/15,150563 DE,,ESPIRITU 070178EE,54,1,,,,,,,,,,,,,,,,33,0.37,100,,,,,,,,,,,,,,,,14,14.93,5,,,,,,,,,,,,,,,,41,7.96,25,28,2.12,7,73,0.47,19,37,76.15,0.5
Brahman,100540EE,08/10,100540 DE,,ESPIRITU 071464EE,54,1,,,,,,,,,,,,,,,,22,0.5,100,,,,,,,,,,,,,,,,8,10.91,16,,,,,,,,,,,,,,,,25,4.4,68,22,0.68,38,40,0.85,2,36,76.09,0.5
Brahman,080426EE,08/08,080426 DE,,ESPIRITU 050615EE,54,1,,,,,,,,,,,,,,,,30,0.21,98,,,,,,,,,,,,,,,,9,10.01,20,,,,,,,,,,,,,,,,25,-2.32,99,30,2.28,6,44,0.26,47,42,75.99,0.5
Brahman,090960EE,08/09,090960 DE,,ESPIRITU 061755EE,54,1,,,,,,,,,,,,,,,,32,0.18,97,,,,,,,,,,,,,,,,8,13,9,,,,,,,,,,,,,,,,20,9.74,16,31,2.03,7,51,-0.14,91,47,75.62,0.5
Brahman,101234EE,09/10,101234 DE,,ESPIRITU 071557EE,54,1,,,,,,,,,,,,,,,,21,0.32,100,,,,,,,,,,,,,,,,11,12.6,10,,,,,,,,,,,,,,,,20,15.03,3,20,2.82,4,27,-0.11,89,30,74.11,1
Brahman,OBGP 2323,11/11,ALICANTE OB,,OMBD 114,54,1,,,,,,,,,,,,,,,,16,-0.44,32,,,,,,,,,,,,,,,,16,31.06,0.1,,,,,,,,,,,,,,,,32,24.14,0.1,15,0.85,31,41,0.76,2,23,74.11,1
Brahman,061639EE,09/06,061639 DE,,ESPIRITU 020605EE,54,1,,,,,,,,,,,,,,,,30,0.18,97,,,,,,,,,,,,,,,,9,9.48,22,,,,,,,,,,,,,,,,22,0.14,93,31,2.1,7,41,0.37,31,46,73.98,1
Brahman,100742EE,08/10,100742 DE,,ESPIRITU 071464EE,54,1,,,,,,,,,,,,,,,,21,0.05,92,,,,,,,,,,,,,,,,13,8.27,29,,,,,,,,,,,,,,,,33,2.32,84,19,1.62,12,40,0.03,77,28,73.03,1
Brahman,150146EE,08/15,150146 DE,,ESPIRITU 070178EE,54,1,,,,,,,,,,,,,,,,20,0.24,98,,,,,,,,,,,,,,,,9,10.16,19,,,,,,,,,,,,,,,,19,6.14,38,22,1.43,15,56,-0.17,93,23,72.73,1
Brahman,071559EE,09/07,071559 DE,,ESPIRITU 040479EE,54,1,,,,,,,,,,,,,,,,17,0,85,,,,,,,,,,,,,,,,14,7.38,35,,,,,,,,,,,,,,,,14,3.37,76,16,2.06,7,29,0.14,64,20,71.73,2
Brahman,110333EE,08/11,110333 DE,,ESPIRITU 080171EE,54,1,,,,,,,,,,,,,,,,35,0.33,100,,,,,,,,,,,,,,,,14,15.01,5,,,,,,,,,,,,,,,,38,10.52,14,35,1.82,9,62,0.86,2,47,71.71,2
Brahman,OBGP 1221,09/09,PALAK OB,,OBGP 367,54,1,,,,,,,,,,,,,,,,20,-0.61,18,,,,,,,,,,,,,,,,20,18.16,2,,,,,,,,,,,,,,,,44,11.75,10,17,0.9,29,54,0.32,37,30,71.13,2
Brahman,071464EE,09/07,071464 DE,,ESPIRITU 040479EE,54,1,,,,,,,,,,,,,,,,30,0.17,97,,,,,,,,,,,,,,,,10,9,25,,,,,,,,,,,,,,,,12,0.72,91,30,2.97,3,46,0.24,50,42,70.96,2
Brahman,MBR921671,08/12,PUENTE JULIO,,MANSO MBR858302,54,1,,,,,,,,,,,,,,,,14,-1.04,2,,,,,,,,,,,,,,,,10,7.93,31,,,,,,,,,,,,,,,,13,4.64,66,2,0.69,38,12,-0.12,90,28,70.94,2
Brahman,070390EE,08/07,070390 DE,,ESPIRITU 040479EE,54,1,,,,,,,,,,,,,,,,30,0.5,100,,,,,,,,,,,,,,,,10,6.28,45,,,,,,,,,,,,,,,,22,5.65,45,28,2.89,3,42,-0.06,86,40,70.6,2
Brahman,892788,02/10,LMC POLLED SAMBO,,45/0 840677,55,1,,,,,,,,,,,,,,,,17,-0.93,4,,,,,,,,,,,,,,,,5,12.21,11,,,,,,,,,,17,0.21,62,,,,6,-3.05,99,,,,28,1.97,0.5,5,57.96,31
Brahman,EAOC 477,12/17,RED LABEL,,EAO 761624,55,1,,,,,,,,,,,,,,,,13,-0.42,33,,,,,,,,,,,,,,,,13,12.13,12,,,,,,,,,,24,0.37,53,,,,13,9.96,16,,,,28,1.18,1,19,56.56,58
Brahman,CABR 1700,12/10,CABR MR GALUR,,1700 803613,"55,60",2,,,,39,0.61,1,43,0.27,30,,,,,,,24,-0.49,28,,,,,,,,,,,,,,,,22,7.59,34,,,,,,,,,,55,-3.03,96,,,,41,4.8,64,,,,69,1.14,1,38,60.15,20
Brahman,MBR954072,06/13,PRADERA SABALETICAS,,E MBR721293,55,1,,,,,,,,,,,,,,,,12,0.11,94,,,,,,,,,,,,,,,,6,8.62,27,,,,,,,,,,12,-3.64,98,,,,6,5.16,60,,,,25,1.03,2,8,67.53,4
Brahman,CSCP 1579,10/19,1579 DE NAVIRAI,,BRBR 432,"55,56,59,60",4,,,,33,0.83,0.5,38,3.55,0.1,,,,,,,10,-0.21,60,,,,,,,,,,,,,,,,10,11.18,15,44,1.59,10,11,2.53,5,,,,48,-5.18,100,,,,42,-4.81,100,5,1.74,10,44,1,2,47,66.63,4
Brahman,877814,09/08,JDH RUSSO MANSO,,631/1 846561,55,1,,,,,,,,,,,,,,,,17,-0.42,33,,,,,,,,,,,,,,,,10,7.78,32,,,,,,,,,,43,1.02,38,,,,10,-3.18,99,,,,57,0.82,2,24,55.33,72
Brahman,FDIB 3089,11/18,MR PRATA 3089,,2I ELR3981,55,1,,,,,,,,,,,,,,,,11,-0.11,74,,,,,,,,,,,,,,,,8,11.08,15,,,,,,,,,,56,1.54,31,,,,42,8.35,23,,,,53,0.82,2,50,71.19,2
Brahman,EAOC 492,09/18,BAROLO EAO,,EAOH 775,55,1,,,,,,,,,,,,,,,,8,-0.73,11,,,,,,,,,,,,,,,,8,12.91,9,,,,,,,,,,27,-3.01,96,,,,20,5.82,40,,,,42,0.8,2,13,72.31,1
Brahman,UBER 336,02/08,MR UBER POI 336,G,630321,"55,57,59",3,,,,39,-0.26,88,44,3.21,0.1,,,,,,,43,-0.89,5,,,,,,,,,,,,,,,,39,16.15,3,,,,,,,51,2.32,27,48,2.68,20,,,,50,7.61,27,,,,51,0.76,2,49,61.28,15
Brahman,AMRO 1270,10/15,MR BR 77 1270,G,AMRO 806,"55,57",2,,,,,,,,,,,,,,,,43,0,85,,,,,,,,,,,,,,,,38,7.5,34,,,,,,,70,7.04,3,71,4.79,10,,,,72,5.63,46,,,,83,0.73,3,50,56.59,58
Brahman,VPJB 926,01/15,VPJ MR HARD 926,G,858252,"55,58,59,60",4,,,,40,0.31,15,39,0.54,16,,,,,,,31,-0.12,73,,,,,,,,,,,,,,,,31,11.93,12,,,,,,,48,2.84,22,42,0.42,50,48,11.51,2,51,13.36,5,,,,48,0.71,3,44,58.98,26
Brahman,ROJO 229,01/11,MR. ROJO,,229 864762,55,1,,,,,,,,,,,,,,,,16,-0.77,9,,,,,,,,,,,,,,,,8,14.15,7,,,,,,,,,,34,4.75,10,,,,8,10.19,15,,,,46,0.69,3,20,62.08,13
Brahman,LTQ 354,10/16,354 FIV DE LA,,TRANQUE 839863,55,1,,,,,,,,,,,,,,,,17,-0.9,5,,,,,,,,,,,,,,,,10,9.21,24,,,,,,,,,,30,1.31,34,,,,10,8.77,21,,,,43,0.68,3,26,57.78,40
Brahman,LLBR 666,07/17,MISTER INCA SHOW,,AMRO 97,"55,57,58",3,,,,,,,,,,,,,,,,7,-0.6,19,,,,,,,,,,,,,,,,7,9.55,22,,,,,,,27,0.66,51,51,4.05,13,32,16.09,0.5,49,16.48,2,,,,57,0.62,7,53,58.11,30
Brahman,RLL014238PY,09/11,MCAL,,ESTIGARRIBIA/TAL 846561,55,1,,,,,,,,,,,,,,,,24,-0.1,75,,,,,,,,,,,,,,,,9,8.68,26,,,,,,,,,,45,2.19,24,,,,9,7.73,27,,,,52,0.6,8,37,51.27,93
Brahman,CABR 2737,05/18,CABR RAMIRO 2737,,CABR 1729,"55,57,58",3,,,,,,,,,,,,,,,,8,-1.04,2,,,,,,,,,,,,,,,,8,21.64,0.5,,,,,,,34,4.41,12,43,4.37,12,39,13.25,0.5,42,11.5,10,,,,62,0.59,8,47,67.83,3
Brahman,OBGP 5947,12/21,ADEPTO OB,G,OBGP 4947,"55,57,60",3,,,,47,0.67,1,41,0.32,27,,,,,,,47,-0.87,6,,,,,,,,,,,,,,,,41,16.68,3,,,,,,,46,5.87,7,48,3.89,14,,,,48,15.04,3,,,,42,0.56,10,49,57.73,42
Brahman,OBGP 5707,10/20,UCHOA OB,G,OBGP 3777,"57,60",2,,,,42,0.47,4,44,-0.91,90,,,,,,,43,-0.62,17,,,,,,,,,,,,,,,,42,26.24,0.1,,,,,,,44,10.81,0.1,45,17.61,0.1,,,,50,25.46,0.1,,,,50,0.41,26,,,
Brahman,CSCP 1533,07/19,1533 DE NAVIRAI,G,UBER 461,"57,59,60",3,,,,43,0.32,14,47,1.3,5,,,,,,,41,-0.18,65,,,,,,,,,,,,,,,,39,25.43,0.1,,,,,,,45,5.93,6,48,12.46,0.5,,,,39,25.98,0.1,,,,51,0.5,16,,,
Brahman,OBGP 5818,02/21,TRIVOLE FIV OB,G,OBGP 1193,"57,59,60",3,,,,43,0.69,1,43,1.98,1,,,,,,,43,-0.53,24,,,,,,,,,,,,,,,,41,25.33,0.1,,,,,,,41,8.05,2,41,12.2,0.5,,,,48,18.77,0.5,,,,41,0.39,28,,,
Brahman,NOG 3201,08/21,3201 FIV NOGAL DEL RI,G,WRRB 115,57,1,,,,,,,,,,,,,,,,31,-0.39,36,,,,,,,,,,,,,,,,31,18.67,1,,,,,,,47,4.33,12,46,6.36,6,,,,46,14.76,3,,,,38,0.69,3,,,
Brahman,GOOD 1413,11/08,GOOD BRAHMANIA,,1413 660295,57,1,,,,,,,,,,,,,,,,24,-0.22,59,,,,,,,,,,,,,,,,8,16.91,2,,,,,,,32,3.72,16,41,6.34,6,,,,8,13.06,5,,,,53,0.46,20,,,
Brahman,OBGP 5647,08/20,JAPENGO OB,G,OBGP 3777,"57,58,60",3,,,,40,0.28,18,42,-2.78,100,,,,,,,43,-0.57,21,,,,,,,,,,,,,,,,40,11.75,13,,,,,,,44,4.61,11,49,5.22,8,50,7.14,11,47,14.36,3,,,,50,0.48,18,,,
Brahman,190825EE,09/19,190825 DE ESPIRITU,G,040479EE,57,1,,,,,,,,,,,,,,,,44,0.49,100,,,,,,,,,,,,,,,,41,15.49,4,,,,,,,38,3.19,20,41,4.72,10,,,,45,8.71,21,,,,50,0.32,37,,,
Brahman,OBGP 5763,12/20,ASSOTAKAN OB,G,OBGP 4984,"57,59,60",3,,,,40,0.5,3,43,1.55,3,,,,,,,34,-0.55,23,,,,,,,,,,,,,,,,34,16.98,2,,,,,,,42,6.15,5,43,4.56,11,,,,43,18.57,0.5,,,,50,0.38,29,,,
Brahman,210012EE,07/21,APOLO DE ESPIRITU,G,UBER 1622,57,1,,,,,,,,,,,,,,,,31,-0.22,59,,,,,,,,,,,,,,,,31,11.88,12,,,,,,,42,6.5,4,49,4.46,11,,,,48,12.06,9,,,,46,0.38,29,,,
Brahman,UBER 1904,05/21,UBER 1904 - MORPHEUS,G,OBGP 1193,57,1,,,,,,,,,,,,,,,,44,-0.07,78,,,,,,,,,,,,,,,,43,14.62,6,,,,,,,44,5.53,8,48,4.05,13,,,,51,18.2,1,,,,43,0.31,39,,,
Brahman,202070EE,11/20,202070 DE ESPIRITU,G,160887EE,57,1,,,,,,,,,,,,,,,,43,0.33,100,,,,,,,,,,,,,,,,42,20.44,0.5,,,,,,,47,5.55,7,46,3.88,14,,,,42,12.92,6,,,,45,0.61,7,,,
Brahman,LIB 2056,10/17,CABANHA LIBRA,,2056 660295,57,1,,,,,,,,,,,,,,,,18,-0.67,14,,,,,,,,,,,,,,,,11,11.19,15,,,,,,,37,3.33,19,46,3.68,15,,,,11,10.43,14,,,,47,0.4,27,,,
Brahman,NOG 2697,03/20,2697 DE NOGAL DEL RIO,G,WRRB 115,"57,58",2,,,,,,,,,,,,,,,,36,-0.23,57,,,,,,,,,,,,,,,,36,13.8,7,,,,,,,50,0.29,58,42,3.27,17,43,10.22,3,44,12.9,6,,,,46,0.23,51,,,
Brahman,UBER 783,10/11,MR UBER POI 783,G,UBER 153,"57,60",2,,,,39,0.34,13,44,0.42,21,,,,,,,43,0.02,88,,,,,,,,,,,,,,,,39,12.49,10,,,,,,,48,0.38,57,45,3.21,17,,,,39,4.65,66,,,,51,0.5,16,,,
Brahman,210813EE,09/21,210813 DE ESPIRITU,G,181228EE,57,1,,,,,,,,,,,,,,,,35,0.05,92,,,,,,,,,,,,,,,,35,14.67,6,,,,,,,48,4.68,10,44,3.17,17,,,,50,13.97,4,,,,47,0.57,10,,,
Brahman,210546EE,08/21,SANTO DE ESPIRITU,G,181228EE,57,1,,,,,,,,,,,,,,,,36,0.69,100,,,,,,,,,,,,,,,,36,15.42,4,,,,,,,39,3.7,16,42,2.69,20,,,,50,16.28,2,,,,47,0.61,7,,,
Brahman,WRRB 1310,09/19,MR. W2R POI 1310,,FIV 902044,58,1,,,,,,,,,,,,,,,,,,,,,,,,,,,,,,,,,,8,11.87,12,,,,,,,40,-0.37,70,48,0.86,41,46,12.98,0.5,53,13.58,4,,,,65,0.48,18,,,
Brahman,200084EE,08/20,200084 DE ESPIRITU,G,170030EE,58,1,,,,,,,,,,,,,,,,,,,,,,,,,,,,,,,,,,39,8.69,26,,,,,,,39,3.18,20,44,2.52,21,48,5.3,19,40,12.88,6,,,,59,0.19,57,,,
Brahman,BENT 5876,10/18,CJ SANT ANNNA POI COM,G,BENT 3706,"59,60",2,,,,56,0.57,2,58,4.2,0.1,,,,,,,44,-0.54,24,,,,,,,,,,,,,,,,39,10.79,16,,,,,,,,,,,,,,,,44,1.03,89,,,,57,0.44,22,,,
Brahman,UBER 875,01/12,MR UBER POI 875,G,660295,59,1,,,,64,-0.21,85,68,0.59,15,,,,,,,31,-0.26,52,,,,,,,,,,,,,,,,31,7.34,36,,,,,,,,,,,,,,,,52,7.19,30,,,,73,0.26,47,,,
Tabapuã,ALD 2413,11/16,BENEDITO DO COCA,G,MBF 1871,"63,64,65,66,67,69,70",7,,,,,,,,,,,,,,,,42,-0.14,26,,,,,,,42,30.73,2,,,,46,25.79,1,42,29.46,1,46,3.76,0.5,,,,39,5.83,0.1,45,9.88,0.5,48,20.99,0.1,46,33.67,0.1,,,,64,0.25,18,46,78.68,0.5
Tabapuã,NGT 124,11/07,BEETHOVEN DA NGT,G,FEP 1034,"63,64,65,69,70",5,,,,,,,,,,,,,,,,34,-1.17,0.1,,,,,,,31,25.19,3,,,,31,30.73,0.5,31,26.84,2,43,0.31,70,,,,45,3.01,5,31,6.35,4,31,14.18,0.5,36,19.04,1,,,,43,0.09,32,42,77.34,0.5
Tabapuã,GEGO 1111,08/12,NATUR FIV DOGOIAS,G,FEP 1034,"63,64,65,66,67,69,70,71",8,,,,46,-0.18,87,43,2.82,0.5,,,,,,,47,-0.46,5,,,,,,,31,23.3,4,,,,41,24.21,1,31,23.53,3,46,2.02,8,,,,35,2.56,7,31,5.46,6,30,6.88,7,41,12.35,5,,,,45,0.51,9,35,69.95,5
Tabapuã,DORN 289,11/06,CERTEIRO FIV DA DORN,G,NYFP 1459,"63,64,65,66,67,68,69,70",8,,,,,,,,,,,,,,,,43,-0.24,16,,,,,,,39,26.52,3,,,,40,9.88,15,39,21.75,4,52,3.47,0.5,43,4.27,0.5,49,4.48,1,51,8.26,1,44,12.53,1,42,20.27,0.5,31,5.81,3,39,0.69,7,46,66.07,10
Tabapuã,NGT 507,01/09,DOBRADO FIV DA NGT,G,FEP 1034,"63,64,65,66,69,70",6,,,,,,,,,,,,,,,,43,-0.81,1,,,,,,,32,22.37,5,,,,43,20.11,3,32,21.59,4,32,1.73,14,,,,38,-1.21,93,41,3.91,11,45,-7.46,100,44,7.16,16,,,,35,-0.28,86,43,81.82,0.1
Tabapuã,NGT 772,11/09,DGANO FIV DA NGT,G,1206,"63,64,70",3,,,,,,,,,,,,,,,,33,-0.38,8,,,,,,,33,24.58,4,,,,40,14.1,9,33,21.47,4,45,3.23,0.5,,,,,,,51,5.45,6,47,10.24,2,49,13.13,4,,,,39,0.04,39,,,
Tabapuã,PRTA 325,06/10,RAMBO FIV DA PRATA,G,NCG 1396,"63,64,65,66,67,69,70,71",8,,,,59,-0.19,88,62,1.49,3,,,,,,,34,-1.26,0.1,,,,,,,34,21.86,6,,,,55,18.23,4,34,20.8,5,50,0.77,42,,,,50,-0.77,83,39,6.83,3,54,6.19,9,55,13.38,3,,,,70,0.27,16,42,65.06,12
Tabapuã,TJG 1015,10/16,HASTIL TJG,G,PRTA 325,"63,64,65,70,71,72",6,,,,52,0.24,23,55,2.65,0.5,,,,,,,32,-0.98,0.5,,,,,,,32,18.72,10,,,,43,20.04,3,32,19.05,6,50,0.11,84,,,,,,,39,2.27,21,44,1.84,32,43,4.38,26,,,,40,0.54,9,47,67.03,9
Tabapuã,ALD 2105,01/14,VERISSIMO DO COCA,G,ALD 1119,"63,64,65,69,70",5,,,,,,,,,,,,,,,,38,-0.4,7,,,,,,,38,8.69,28,,,,43,23.3,1,38,12.98,16,50,-0.39,97,,,,51,0.29,45,50,4.1,11,43,1.25,39,44,6.81,17,,,,41,-0.53,100,45,65.93,10
Tabapuã,JCVZ 10,12/07,MAJESTOSO FIV,G,TABA R2198,"63,64,69,70",4,,,,,,,,,,,,,,,,46,0.4,95,,,,,,,38,18.88,9,,,,41,-2.01,84,38,12.66,16,38,0.48,58,,,,44,3.81,2,46,5.47,6,44,7.83,5,42,5.17,22,,,,47,0.21,20,,,
Tabapuã,UZI 156,01/10,MANDELA FIV UZI,G,650,"63,64",2,,,,,,,,,,,,,,,,45,-0.31,12,,,,,,,31,11.7,21,,,,35,-3.02,91,31,7.3,29,46,-1.84,100,,,,,,,32,-0.16,61,,,,47,0.93,64,,,,31,-0.24,81,,,
Tabapuã,TJG 1297,09/17,IGUAL TJG,,PRTA 325,"65,69,70,71",4,,,,40,0.19,31,43,4.6,0.1,,,,,,,20,-0.9,0.5,,,,,,,,,,,,,,,,10,25.13,3,12,-0.99,100,,,,28,1.28,21,36,7.01,3,37,6.85,7,40,11.22,6,,,,24,0.22,20,10,69.96,5
Tabapuã,OEJ 102,01/11,SANCAO,,ALN 628,"65,66,67,68,69",5,,,,,,,,,,,,,,,,23,-0.5,4,,,,,,,,,,,,,,,,18,17.81,8,26,3.14,1,20,2.14,7,31,2.11,10,44,8.29,1,,,,18,11.71,5,9,6.1,2,65,0.52,9,20,70.37,4
Tabapuã,RNF 2523,04/12,TOTEM FIV RF 4 IRMAS,G,RNF 1769,"65,67,70",3,,,,,,,,,,,,,,,,37,-0.49,4,,,,,,,,,,,,,,,,37,27.95,2,50,-0.12,93,,,,,,,48,6.8,3,45,12.05,1,48,20.2,0.5,,,,45,0.88,6,48,75.42,1
Tabapuã,TROA 2561,08/15,BALANCETE TRO,,TABA R2816,"65,67,70,71",4,,,,50,-0.12,78,53,3.23,0.5,,,,,,,20,-0.42,6,,,,,,,,,,,,,,,,16,23.7,3,17,1.62,17,,,,,,,50,1.01,33,52,6.12,9,51,7.75,14,,,,49,0.94,5,16,74.99,1
Tabapuã,NGT 801,11/09,DUTO DA NGT,G,MBF 1779,"65,66",2,,,,,,,,,,,,,,,,43,-0.37,8,,,,,,,,,,,,,,,,31,27.08,2,36,3.08,1,,,,,,,,,,,,,38,26.85,0.1,,,,31,-0.28,86,36,87.49,0.1
Tabapuã,JCVB 1677,09/07,QUINO,,TABA R2816,"65,66",2,,,,,,,,,,,,,,,,23,-0.34,10,,,,,,,,,,,,,,,,10,30.7,1,10,1.76,13,,,,,,,,,,,,,15,10.24,8,,,,17,2.65,0.5,25,62.93,17
Tabapuã,RNF 3282,09/16,TROUBLE FIV RF 4 IRMA,,TABA R2816,"65,67,69,71",4,,,,25,-0.06,70,29,2.02,1,,,,,,,20,-0.32,11,,,,,,,,,,,,,,,,18,26.38,2,18,3.25,0.5,,,,39,1.95,12,42,8.41,1,,,,25,9.04,11,,,,51,0.52,9,18,75.52,1
Tabapuã,TRO 820,10/17,DESTRO TRO,G,TROA 1915,"65,69,70",3,,,,,,,,,,,,,,,,47,-0.3,12,,,,,,,,,,,,,,,,40,23.63,3,52,1.71,14,,,,46,1.55,17,40,3.23,15,40,12.17,1,42,18.27,1,,,,48,0.78,6,48,84.56,0.1
Tabapuã,FHPS 77,11/15,BRINQUEDO MURO DE PED,G,MBF 3413,"65,70",2,,,,,,,,,,,,,,,,32,-0.25,16,,,,,,,,,,,,,,,,32,13.44,15,39,1.41,22,,,,,,,42,2,23,49,-4.52,99,48,6.64,17,,,,51,-0.21,77,40,69.9,5
Tabapuã,CCTA 2318,09/13,FEITICEIRO FIV CCC,,CCCC 1987,65,1,,,,,,,,,,,,,,,,22,-0.13,27,,,,,,,,,,,,,,,,8,10.74,20,11,1.48,21,,,,,,,,,,,,,8,7.03,16,,,,10,0.24,18,31,58.86,40
Tabapuã,MBF 3143,11/07,SATURNO MB DA FLOR,,MBF 1636,66,1,,,,,,,,,,,,,,,,14,-0.18,22,,,,,,,,,,,,,,,,8,7.63,28,12,1.87,11,,,,,,,,,,,,,9,5.3,21,,,,,,,25,67.72,8
Tabapuã,LIA 659,05/08,CANDADO FIV DA,,LIAB 1255,"66,67,70",3,,,,,,,,,,,,,,,,20,-0.08,34,,,,,,,,,,,,,,,,20,16.08,10,25,2.23,6,,,,,,,42,2.65,18,35,2.86,24,32,5.55,20,,,,57,0.61,8,21,67.48,8
Tabapuã,RNF 1429,01/07,ILUMINADO RF 4,,IRMAS 1206,"66,67",2,,,,,,,,,,,,,,,,27,0.26,85,,,,,,,,,,,,,,,,10,18.54,7,27,3.05,1,,,,,,,,,,,,,10,2.7,41,,,,39,1.14,5,21,67.27,8
Tabapuã,THUT 1,12/11,GROSCO,,THU 8202,"66,67",2,,,,,,,,,,,,,,,,12,-0.08,34,,,,,,,,,,,,,,,,8,16.74,9,10,1.79,13,,,,,,,,,,,,,8,13.94,3,,,,39,0.67,7,24,66.15,10
Tabapuã,CCCC 5328,12/11,ENTULHO CC,,CCCC 1019,66,1,,,,,,,,,,,,,,,,14,0.18,74,,,,,,,,,,,,,,,,10,16.72,9,10,1.46,21,,,,,,,,,,,,,10,12.51,4,,,,,,,23,65.14,12
Tabapuã,LETA 2266,10/07,KATUMBO DA PALMEIRA,,TABA R2816,66,1,,,,,,,,,,,,,,,,11,-0.23,17,,,,,,,,,,,,,,,,10,26.95,2,10,1.23,27,,,,,,,,,,,,,15,10.71,7,,,,,,,22,64.63,13
Tabapuã,CSC 9974,08/08,RUSSEL DO CÃ“RREGO,,TABA R2816,"66,67,69,70",4,,,,,,,,,,,,,,,,16,-0.23,17,,,,,,,,,,,,,,,,14,32.39,0.5,14,2.08,7,,,,23,2.75,6,37,6.41,4,18,6.85,7,46,13.95,3,,,,56,2.78,0.5,25,63.99,14
Tabapuã,CCTA 1933,09/12,ECOLOGICO CCC,,CCCC 1019,66,1,,,,,,,,,,,,,,,,20,0.24,82,,,,,,,,,,,,,,,,10,14.87,12,15,1.47,21,,,,,,,,,,,,,10,8.47,12,,,,,,,24,63.03,16
Tabapuã,NGT 130,11/07,BRAHMS DA NGT,,SJP 2593,66,1,,,,,,,,,,,,,,,,23,-0.06,38,,,,,,,,,,,,,,,,11,8.68,25,11,1.55,18,,,,,,,,,,,,,13,4.83,23,,,,,,,40,62.43,18
Tabapuã,TRO 177,03/06,OCEANO TRO,,PRT 2365,66,1,,,,,,,,,,,,,,,,14,-0.18,22,,,,,,,,,,,,,,,,8,6.9,31,15,2.07,8,,,,,,,,,,,,,8,2.31,46,,,,,,,23,62.07,19
Tabapuã,MBF 3117,10/07,SAMBISTA MB DA FLOR,,MBF 1187,66,1,,,,,,,,,,,,,,,,18,-0.15,25,,,,,,,,,,,,,,,,8,10.87,20,12,1.27,26,,,,,,,,,,,,,9,6.07,19,,,,,,,30,62,19
Tabapuã,TRO 207,10/06,OPUSCULO TRO,,NYFP 2497,"66,67,69",3,,,,,,,,,,,,,,,,21,0.37,94,,,,,,,,,,,,,,,,10,14.6,13,23,3.81,0.5,,,,18,3.9,2,35,7.59,2,,,,10,8.95,11,,,,59,0.54,9,36,61.89,20
Tabapuã,LETA 2275,10/07,KARTUXO DA PALMEIRA,,MBF 1187,66,1,,,,,,,,,,,,,,,,7,-0.04,41,,,,,,,,,,,,,,,,7,10.05,22,11,1,35,,,,,,,,,,,,,13,7.66,14,,,,,,,22,60.87,23
Tabapuã,GER 5694,10/08,5694 DA COPAC.,,TABA R2816,"67,69,70",3,,,,,,,,,,,,,,,,13,-0.32,11,,,,,,,,,,,,,,,,13,26.03,2,14,2,9,,,,25,1.49,18,34,3.78,12,26,4.82,14,35,10.72,7,,,,49,2.43,2,18,62.6,18
Tabapuã,ALD 2588,08/18,DANDI DO COCA,,OEJ 102,67,1,,,,,,,,,,,,,,,,9,-0.38,8,,,,,,,,,,,,,,,,9,24.65,3,10,2.94,2,,,,,,,,,,,,,10,13.01,4,,,,38,1.39,4,10,69.08,6
Tabapuã,CAP 2207,10/14,ACOLHIDO DA CAPEBA,,LETA 453,67,1,,,,,,,,,,,,,,,,6,-0.08,34,,,,,,,,,,,,,,,,6,29.75,1,13,0.89,38,,,,,,,,,,,,,16,18.88,1,,,,24,1.12,5,12,72.19,3
Tabapuã,CSC 11535,11/15,BACURU DO CORREGO,,CSC 9643,67,1,,,,,,,,,,,,,,,,6,-0.18,22,,,,,,,,,,,,,,,,6,26.17,2,15,-0.62,99,,,,,,,,,,,,,26,17.7,1,,,,37,1.07,5,10,70.89,4
Tabapuã,TJG 1061,10/16,HOMOGRAFO TJG,,FZCH 1085,"67,70",2,,,,,,,,,,,,,,,,6,0.2,77,,,,,,,,,,,,,,,,6,22.8,3,9,1.89,11,,,,,,,16,5.48,6,14,12.29,1,31,17.51,1,,,,20,0.98,5,14,73.3,2
Tabapuã,PRT 5229,08/06,NAUÃƒ DA PRATA,G,PRT 4450,"67,69,70",3,,,,,,,,,,,,,,,,44,-0.76,1,,,,,,,,,,,,,,,,40,23.4,3,49,1.85,11,,,,39,-0.1,60,51,4.09,11,43,2.88,24,40,5.32,21,,,,51,0.96,5,45,69.19,6
Tabapuã,GER 6421,08/10,6421 DA COPAC.,,CSC 7425,67,1,,,,,,,,,,,,,,,,14,0.15,68,,,,,,,,,,,,,,,,10,37.78,0.1,15,3.36,0.5,,,,,,,,,,,,,10,26.73,0.1,,,,55,0.79,6,12,70.6,4
Tabapuã,CMC 442,03/10,PARANA DE CMC,,TABA R2816,67,1,,,,,,,,,,,,,,,,11,-0.47,5,,,,,,,,,,,,,,,,11,22.78,3,12,2.4,4,,,,,,,,,,,,,17,13.92,3,,,,26,0.76,6,17,68.27,7
Tabapuã,GCK 1876,10/10,PRUDENTE DA KAYLUA,,TABA R2816,67,1,,,,,,,,,,,,,,,,16,-0.32,11,,,,,,,,,,,,,,,,14,13.25,15,14,2.24,6,,,,,,,,,,,,,24,3.8,30,,,,48,0.72,7,17,64.77,12
Tabapuã,TROA 1284,07/10,SAFISMO TRO,,TRO 177,67,1,,,,,,,,,,,,,,,,5,-0.05,39,,,,,,,,,,,,,,,,5,18.73,7,21,2.37,4,,,,,,,,,,,,,22,8.8,11,,,,51,0.7,7,12,70.28,5
Tabapuã,CSC 11626,11/16,CISQUEIRO DO CORREGO,,CSC 9643,"67,71,72",3,,,,37,0.56,1,41,0.83,10,,,,,,,6,0.27,86,,,,,,,,,,,,,,,,6,15.21,12,9,0.91,38,,,,,,,,,,,,,36,-1.17,94,,,,32,0.67,7,10,75.04,1
Tabapuã,CSC 9643,09/07,POLITZ DO CORREGO,,TABA R2816,"67,71,72",3,,,,28,0.27,18,31,2.81,0.5,,,,,,,13,-0.55,3,,,,,,,,,,,,,,,,13,30.2,1,13,1.39,23,,,,,,,,,,,,,21,17.89,1,,,,43,0.66,7,18,72.62,3
Tabapuã,MBF 3413,06/09,UAI MB DA FLOR,,TABA R2816,67,1,,,,,,,,,,,,,,,,13,-0.63,2,,,,,,,,,,,,,,,,13,21.67,4,13,0.75,43,,,,,,,,,,,,,18,17.09,1,,,,38,0.65,7,21,73.23,2
Tabapuã,CSC 9480,03/07,PADRÃƒO DO CÃ“RREGO,,CCCC 2007,67,1,,,,,,,,,,,,,,,,7,0.13,65,,,,,,,,,,,,,,,,7,16.92,9,15,2.21,6,,,,,,,,,,,,,20,12.08,5,,,,30,0.63,8,11,62.03,19
Tabapuã,PRT 5785,09/08,PAIRANTE DA PRATA,,PRT 4450,67,1,,,,,,,,,,,,,,,,26,-0.16,24,,,,,,,,,,,,,,,,6,8.22,26,6,1.8,12,,,,,,,,,,,,,21,-1.63,96,,,,31,0.56,9,12,58.69,42
Tabapuã,GTRT 3506,03/13,RADIADO FIV DE TAB,,LIA 659,67,1,,,,,,,,,,,,,,,,12,0.23,81,,,,,,,,,,,,,,,,12,5.6,38,13,1.5,20,,,,,,,,,,,,,27,-7.73,100,,,,44,0.46,10,14,66.55,9
Tabapuã,TVCA 825,02/17,CACIFE FIV DA GE 05,,GTRT 3506,"67,72",2,,,,20,0.36,8,22,-1.11,97,,,,,,,6,0.5,98,,,,,,,,,,,,,,,,6,13.18,15,9,1.13,30,,,,,,,,,,,,,21,5.84,20,,,,31,0.45,11,8,71,4
Tabapuã,CSC 9798,01/08,RATAN FIV DO CÃ“RREGO,,TABA R2198,67,1,,,,,,,,,,,,,,,,14,-0.23,17,,,,,,,,,,,,,,,,11,5.99,35,11,0.79,42,,,,,,,,,,,,,12,-0.84,91,,,,30,0.45,11,24,60.18,26
Tabapuã,GER 5035,11/06,5035 DA,,COPAC. A130,"67,69,70",3,,,,,,,,,,,,,,,,21,0.3,89,,,,,,,,,,,,,,,,18,15.11,12,18,2.33,5,,,,31,4.4,1,42,7.02,3,31,8.75,4,61,9.51,9,,,,68,0.36,13,34,58.88,40
Tabapuã,LIA 838,12/08,TANGO DA,,LIAB 1255,67,1,,,,,,,,,,,,,,,,16,-0.19,21,,,,,,,,,,,,,,,,11,9.74,23,11,1.66,15,,,,,,,,,,,,,18,2.01,51,,,,35,0.36,13,22,57.27,56
Tabapuã,GER 6827,06/11,6827 DA COPAC.,,DORN 415,67,1,,,,,,,,,,,,,,,,8,0.17,72,,,,,,,,,,,,,,,,8,19.27,6,9,2.36,5,,,,,,,,,,,,,27,14.01,3,,,,42,0.32,14,9,64.12,14
Tabapuã,DORN 368,08/07,CORONEL DA DORN,,NYFP 4183,"67,70",2,,,,,,,,,,,,,,,,4,-0.16,24,,,,,,,,,,,,,,,,4,13.69,14,13,-0.69,99,,,,,,,26,4.99,7,16,5.58,11,32,6.68,17,,,,44,0.31,15,8,62.51,18
Tabapuã,CSC 9968,08/08,RUBICON DO CÃ“RREGO,,TABA R3032,67,1,,,,,,,,,,,,,,,,11,-0.14,26,,,,,,,,,,,,,,,,11,11,20,11,2.88,2,,,,,,,,,,,,,27,1.67,55,,,,40,0.3,15,16,64.18,14
Tabapuã,JAAX 247,10/18,GLADIADOR,G,GCK 1876,"67,71,72",3,,,,39,0.52,1,40,2.77,0.5,,,,,,,39,-0.43,6,,,,,,,,,,,,,,,,39,20.73,5,40,1.69,15,,,,,,,,,,,,,39,2.16,49,,,,45,0.26,17,47,76.16,1
Tabapuã,DORN 618,04/09,EROS FIV DA DORN,G,NYFP 4183,"67,69",2,,,,,,,,,,,,,,,,33,1.06,100,,,,,,,,,,,,,,,,33,9.72,23,44,-2.69,100,,,,42,-0.07,59,40,6.18,4,,,,43,1.5,57,,,,43,0.25,18,45,65.97,10
Tabapuã,CSC 9975,08/08,RUTLAM DO CÃ“RREGO,,TABA R3032,67,1,,,,,,,,,,,,,,,,13,0.07,57,,,,,,,,,,,,,,,,11,8.54,25,11,2.09,7,,,,,,,,,,,,,17,0.32,74,,,,34,0.25,18,20,61.05,22
Tabapuã,TJG 1662,09/18,JATO TJG,,GCK 1876,67,1,,,,,,,,,,,,,,,,6,-0.22,18,,,,,,,,,,,,,,,,6,16.8,9,7,3.33,0.5,,,,,,,,,,,,,11,6.49,18,,,,24,0.24,18,8,67.55,8
Tabapuã,ALD 2367,08/16,BARETA DO COCA,G,UZI 171,"69,70",2,,,,,,,,,,,,,,,,,,,,,,,,,,,,,,,,,,36,21.82,4,43,2.19,6,,,,47,2.6,7,47,8.19,1,48,12.62,1,42,22.04,0.5,,,,43,0.03,41,,,
Tabapuã,ALD 1871,11/11,ULCERANTE DO,,COCA 8801,69,1,,,,,,,,,,,,,,,,,,,,,,,,,,,,,,,,,,9,14.12,13,21,3.52,0.5,,,,30,3.68,2,32,4.29,10,,,,9,7.82,14,,,,30,-0.07,56,,,
Tabapuã,UFLT 110,08/19,ILUSTRE DA UFLA,G,MBF 3129,70,1,,,,,,,,,,,,,,,,,,,,,,,,,,,,,,,,,,42,6.54,32,42,-2.01,100,,,,,,,47,1.11,31,49,10.88,2,50,21.78,0.5,,,,42,-0.17,71,,,
Tabapuã,CCTA 1041,03/10,CIPOAL CCC,,CCCC 1987,70,1,,,,,,,,,,,,,,,,,,,,,,,,,,,,,,,,,,8,8.67,25,10,0.86,39,,,,,,,15,2.85,17,14,4.85,14,56,6,19,,,,45,0.14,27,,,
Tabapuã,GER 5284,10/07,IMPERADOR DA COPAC.,,LVRT 797,70,1,,,,,,,,,,,,,,,,,,,,,,,,,,,,,,,,,,10,10.03,22,10,2.18,6,,,,,,,42,0.05,55,30,1.67,34,47,5.38,21,,,,63,-0.09,59,,,
Tabapuã,DAGA 29,07/18,AVAIANO FIV DAGA,,TABA R2816,71,1,,,,15,0.16,37,17,2.72,0.5,,,,,,,10,-0.38,8,,,,,,,,,,,,,,,,10,25.38,3,,,,,,,,,,,,,,,,21,10.72,7,,,,18,1.02,5,,,
Sindi,SOSP 89,08/10,SOSP GERAL,,EMGS 337,75,1,,,,,,,,,,,,,,,,,,,,,,,,,,,,,,,,,,9,28.79,1,11,-1.49,100,,,,,,,10,10.97,2,,,,10,8.42,14,,,,9,4.13,0.5,17,63.89,42
Sindi,MDVS 2643,03/10,DEVANEIO D,,EMGS 337,"75,78",2,5,79.22,5,,,,,,,,,,,,,,,,,,,,,,,,,,,,,,,8,25.61,2,10,1.09,30,,,,,,,14,10.32,3,,,,8,14.71,5,,,,13,0.59,17,11,75.95,16
Sindi,AJCA 1613,10/11,UNICEFANO DA ESTIVA,,AJCA 1084,"75,78,80,82,83",5,15,70.77,22,14,0.52,5,16,1.37,3,,,,,,,6,0.39,86,,,,,,,,,,,,,,,,6,23.81,3,11,1.03,32,,,,18,2.76,9,20,5.58,11,,,,9,12.49,7,,,,15,0.63,15,6,79.86,7
Sindi,AJCA 945,12/06,PINTOR DA ESTIVA,,AJCA 699,"75,82,83",3,,,,20,0.34,14,19,0.18,40,,,,,,,13,0.39,86,,,,,,,,,,,,,,,,10,22.59,4,11,-0.41,95,,,,,,,11,-5.15,94,,,,13,8.64,13,,,,11,2.33,3,10,84.84,2
Sindi,OTPS 202,01/19,GURI FIV OT,,AJCA 1094,"75,78",2,13,83.14,2,,,,,,,,,,,,,,,,,,,,,,,,,,,,,,,7,21.01,5,12,1.86,11,,,,,,,27,-0.55,58,,,,11,-4.62,87,,,,33,0.81,10,12,89.59,0.1
Sindi,RAJI 204,03/12,RAJA FIFOSO,,AJCF 47,"75,77,78,81",4,12,74.78,12,,,,,,,,,,,,,,,,,,,,,,,,,,,,,,,5,19.79,6,10,0.59,48,,,,,,,27,-0.09,48,14,4.14,23,20,8.04,15,,,,35,0.77,11,12,80.26,6
Sindi,AJCA 1124,01/08,REGISTRO DA ESTIVA,,AJCA 780,"75,78,79,82",4,20,75.08,12,20,-0.08,74,12,1.29,4,,,,,,,8,0.26,68,,,,,,,,,,,,,,,,8,19.53,7,14,2.9,3,11,3.24,5,,,,41,0.15,45,,,,19,8.24,15,13,0.48,76,27,0.64,15,9,76.87,13
Sindi,JTSJ 76,02/15,HEBREU BOMPASTO,,AJCA 1094,"75,78,82,83",4,10,75.37,11,17,0.45,7,14,0.48,23,,,,,,,6,-0.21,9,,,,,,,,,,,,,,,,6,18.51,8,10,0.83,38,,,,,,,16,-4.31,90,,,,10,-5.11,88,,,,32,0.74,12,9,82.96,3
Sindi,JHVS 543,01/16,CAMPEAO,,FIV CAMPARINO,"75,77,79",3,32,69.34,26,,,,,,,,,,,,,,,,,,,,,,,,,,,,,,,11,17.8,10,27,1.91,11,22,-1.57,96,,,,36,-2.05,77,,,,11,1.92,49,6,5.77,2,41,0.24,39,12,82.21,4
Sindi,AJCF 74,08/09,ALMIRANTE AJCF,,AJCA 780,75,1,,,,,,,,,,,,,,,,,,,,,,,,,,,,,,,,,,8,17.69,10,8,1.11,30,,,,,,,20,1.04,34,,,,12,9.25,12,,,,23,-0.23,83,10,87.85,0.5
Sindi,FABE 85,10/09,CIBORG DA ASA BRANCA,,EMGS 405,"75,76,78",3,38,75.5,11,,,,,,,,,,,,,20,-0.21,9,,,,,,,,,,,,,,,,9,17.48,10,31,-0.05,87,,,,,,,28,-1.41,71,,,,18,8.56,14,,,,48,0.54,20,17,74.6,20
Sindi,JHVS 228,09/14,CRIOLO CAMPARINO,,FABE 85,"75,76",2,,,,,,,,,,,,,,,,10,-0.27,6,,,,,,,,,,,,,,,,10,17.09,12,21,-0.26,93,,,,,,,31,-2.71,81,,,,16,1.67,51,,,,44,-0.21,82,12,82.18,4
Sindi,CICS 23,04/16,CANRY FIV BAGUASSU,,SHFC 12,"75,76,82,83",4,,,,10,0.27,22,17,1.43,3,,,,,,,14,-0.21,9,,,,,,,,,,,,,,,,6,16.71,12,19,2.5,5,,,,,,,40,-3.53,85,,,,22,0.45,60,,,,43,0.26,38,6,75.28,18
Sindi,SOSS 4,01/10,DIVINO FIV CARIRI,,MDVS 1449,"75,78,79",3,24,67.35,31,,,,,,,,,,,,,,,,,,,,,,,,,,,,,,,9,14.64,19,14,2.94,3,12,3.09,5,,,,53,-4.01,88,,,,10,-3.78,85,10,0.35,79,60,0.59,17,11,79.74,7
Sindi,POP 1121,06/06,VINAGRE P,,MDVS 2011,"75,76,79,82,83",5,,,,11,0.23,28,20,0.39,28,,,,,,,21,-0.43,1,,,,,,,,,,,,,,,,7,14.06,20,12,1.04,32,19,1.46,19,,,,10,8.82,4,,,,7,18,3,27,3.22,17,23,-1.13,100,11,63.91,42
Sindi,JHVS 917,09/17,ELOY FIV CAMPARINO,,AJCA 1827,"75,79",2,,,,,,,,,,,,,,,,,,,,,,,,,,,,,,,,,,9,13.62,22,30,1.43,21,28,0.32,49,,,,48,-6.18,97,,,,9,-4.11,86,5,5.7,2,53,-0.17,80,10,86.02,1
Sindi,AJCA 1734,06/12,VILALOBOS DA ESTIVA,,AJCA 814,"75,77,78,79",4,15,66.19,33,,,,,,,,,,,,,,,,,,,,,,,,,,,,,,,5,13.58,22,10,1.42,21,8,0.43,46,,,,23,-4.38,90,,,,8,8.67,13,16,5,3,31,0.65,14,13,70.05,29
Sindi,AJCA 3015,08/17,JANIO DA ESTIVA,,AJCF 712,75,1,,,,,,,,,,,,,,,,,,,,,,,,,,,,,,,,,,8,12.99,24,8,1.1,30,,,,,,,19,-6.73,98,,,,22,-6.48,91,,,,18,0.56,18,12,81.01,5
Sindi,SOSP 263,01/19,POMPEU SOSP,,POP 1121,"75,82",2,,,,12,-0.28,95,15,0.19,40,,,,,,,10,-0.21,9,,,,,,,,,,,,,,,,10,12.53,26,14,-1.35,100,,,,,,,12,2.39,25,,,,12,5.88,24,,,,13,1.34,6,20,62.86,44
Sindi,AJCA 2889,03/17,JETEU DA ESTIVA,,AJCF 318,"75,82,83",3,,,,13,0.18,35,13,0.34,31,,,,,,,12,0.11,46,,,,,,,,,,,,,,,,7,11.13,31,10,0.9,36,,,,,,,15,6.12,9,,,,13,11.69,8,,,,7,0.23,40,13,58.76,51
Sindi,AJCF 167,04/11,CUPIDO AJCF,,AJCA 1094,"75,77,78",3,42,74.27,13,,,,,,,,,,,,,,,,,,,,,,,,,,,,,,,8,11.06,31,31,1.48,19,,,,,,,40,-8.31,99,,,,8,-10.55,95,,,,61,0.78,11,17,83.59,2
Sindi,AJCA 1827,01/13,XILON,,DA ESTIVA,"75,77,78,79,82,83",6,55,67.79,29,17,0.33,15,18,0.61,19,,,,,,,29,0.42,90,,,,,,,,,,,,,,,,10,8.88,39,47,2.49,5,39,1.42,20,,,,69,-9.86,100,,,,10,-17.03,97,13,1.87,47,75,0.81,10,26,75.31,18
Sindi,AJCA 4199,09/19,MOGLI FIV DA ESTIVA,,AJCF 712,"75,83",2,,,,18,0.45,7,13,-0.1,68,,,,,,,12,0.37,84,,,,,,,,,,,,,,,,6,8.83,39,6,0.7,44,,,,,,,8,3.24,20,,,,11,8.21,15,,,,12,-0.45,93,9,65.35,38
Sindi,SBRS 145,06/17,DOM,,JOAO BRS,76,1,,,,,,,,,,,,,,,,17,-0.23,8,,,,,,,,,,,,,,,,7,23.8,3,7,0.63,46,,,,,,,,,,,,,9,11.31,8,,,,13,0.14,48,7,72.12,25
Sindi,SBRS 7,04/14,LAGARTO BRS,,MSS 177,76,1,,,,,,,,,,,,,,,,31,-0.08,20,,,,,,,,,,,,,,,,31,24.29,3,40,1.32,23,,,,,,,,,,,,,47,16.1,4,,,,50,-0.25,84,42,77.77,11
Sindi,SHFC 12,12/08,ARCANJO PORANGABA,,AJCA 758,76,1,,,,,,,,,,,,,,,,44,-0.01,30,,,,,,,,,,,,,,,,41,22.97,4,48,3.18,2,,,,,,,,,,,,,41,12.86,6,,,,45,0.16,46,44,76.76,14
Sindi,AJCF 107,04/10,BAMBINO AJCF,,EMGS 405,77,1,10,76.15,10,,,,,,,,,,,,,,,,,,,,,,,,,,,,,,,4,23.68,3,12,0.39,59,,,,,,,,,,,,,9,21.22,2,,,,,,,11,81.09,5
Sindi,POP 1868,09/11,COMANDO P,,POP 1413,"77,82,83",3,15,53.2,60,13,0.25,25,17,1.4,3,,,,,,,9,0.34,80,,,,,,,,,,,,,,,,7,23.09,3,7,1.25,25,,,,,,,,,,,,,8,20.75,2,,,,10,-0.38,90,11,77.79,11
Sindi,RJBS 131,11/15,RJBS 131,,FIV JAUQUARA,77,1,8,63.1,40,,,,,,,,,,,,,,,,,,,,,,,,,,,,,,,7,16.9,12,9,0.91,35,,,,,,,,,,,,,7,8.85,13,,,,,,,13,76.39,15
Sindi,AJCA 1094,12/07,QUERENTE DA ESTIVA,,AJCA 679,"77,78,79",3,47,71.27,21,,,,,,,,,,,,,,,,,,,,,,,,,,,,,,,4,8.85,39,41,2.2,7,34,1.07,26,,,,,,,,,,4,-5.76,89,9,3.08,19,66,0.42,26,15,75.53,17
Sindi,AJCF 27,12/08,AMULETO FIV AJCF,,AJCA 777,77,1,14,73.81,14,,,,,,,,,,,,,,,,,,,,,,,,,,,,,,,10,12.92,24,15,0.83,38,,,,,,,,,,,,,10,-0.68,71,,,,,,,10,73.82,22
Sindi,MDVS 2644,03/10,DOM JOAO D,,EMGS 337,78,1,9,70.03,25,,,,,,,,,,,,,,,,,,,,,,,,,,,,,,,10,23.13,3,21,-0.08,88,,,,,,,,,,,,,15,17.26,3,,,,10,1.44,6,13,65.39,38
Sindi,POP 3660,08/21,NOBRE P,,POP 2664,78,1,24,58.49,50,,,,,,,,,,,,,,,,,,,,,,,,,,,,,,,8,13.22,23,13,0.24,71,,,,,,,,,,,,,14,6.75,20,,,,13,1.19,7,20,61.63,46
Sindi,POP 1590,02/10,BOLERO P,,POP 1121,"78,82,83",3,10,62.84,40,13,0.21,30,17,0.27,34,,,,,,,17,0.56,98,,,,,,,,,,,,,,,,9,15.26,17,11,1.74,13,,,,,,,,,,,,,9,24.87,1,,,,10,0.79,11,13,55.71,56
Sindi,AJCA 2879,02/17,JACARE DA ESTIVA,,AJCA 1124,"78,82",2,5,73.42,15,9,-0.13,81,9,1.21,5,,,,,,,26,0.19,56,,,,,,,,,,,,,,,,6,24.28,3,7,3.41,2,,,,,,,,,,,,,6,8.27,15,,,,13,0.53,20,8,85.59,1
Sindi,JHVS 1650,11/19,IMPERADOR CAMPARINO,,JTSJ 108,"80,83",2,,,,47,0.15,39,33,-0.59,98,,,,,,,43,-0.22,9,,,,,,,,,,,,,,,,33,26.62,2,39,4.57,0.5,,,,47,3.08,7,35,7.45,6,,,,45,11.44,8,,,,39,-0.12,77,,,
Sindi,VIB 143,10/18,ELGON FIV DON,,AJCA 1094,"82,83",2,,,,16,0.33,15,12,1.82,2,,,,,,,7,0.35,82,,,,,,,,,,,,,,,,7,24.17,3,,,,,,,,,,,,,,,,10,9.65,11,,,,14,0.66,14,,,
Sindi,AJCA 1430,09/10,TOPAZIO DA ESTIVA,,AJCF 6,"82,83",2,,,,9,0.19,33,19,1.79,2,,,,,,,5,0.44,92,,,,,,,,,,,,,,,,5,25.69,2,,,,,,,,,,,,,,,,6,32.15,0.1,,,,13,0.38,29,,,
Sindi,AJCF 570,08/14,FRAZAO AJCF,,AJCF 99,"82,83",2,,,,9,0.46,6,10,1.36,3,,,,,,,10,0.38,85,,,,,,,,,,,,,,,,8,25.78,2,,,,,,,,,,,,,,,,21,15.31,4,,,,9,0.49,22,,,
Sindi,CENS 268,08/19,CENS 268,,AJCA 1528,"82,83",2,,,,18,0.34,14,20,0.92,9,,,,,,,18,-0.03,27,,,,,,,,,,,,,,,,18,18.82,8,,,,,,,,,,,,,,,,18,13.64,6,,,,18,0.86,10,,,
Sindi,JHVS 532,01/16,532,,FIV CAMPARINO,82,1,,,,11,0.12,44,13,0.89,10,,,,,,,6,-0.48,0.5,,,,,,,,,,,,,,,,6,20.53,6,,,,,,,,,,,,,,,,7,5.66,26,,,,31,0.8,11,,,
Sindi,JHVS 2189,10/22,XEQUE CAMPARINO,,AJCA 3564,82,1,,,,45,0.13,43,49,0.83,12,,,,,,,45,-0.03,27,,,,,,,,,,,,,,,,42,14.66,19,,,,,,,,,,,,,,,,49,3.13,41,,,,42,-1.01,100,,,
Sindi,AJCA 4242,10/19,MAESTRO DA ESTIVA,,AJCA 1613,"82,83",2,,,,10,0.32,16,10,0.76,14,,,,,,,28,-0.01,30,,,,,,,,,,,,,,,,6,17.76,10,,,,,,,,,,,,,,,,6,12.12,7,,,,6,0.21,42,,,
Sindi,AJCA 4611,04/20,NESTOR DA ESTIVA,,AJCA 2531,82,1,,,,17,0.13,43,17,0.74,14,,,,,,,18,0.07,40,,,,,,,,,,,,,,,,17,12.3,27,,,,,,,,,,,,,,,,18,9.35,12,,,,18,0.17,45,,,
Sindi,AJCA 4800,08/20,NEXEL FIV DA ESTIVA,,AJCA 1430,82,1,,,,18,0.05,54,13,0.65,17,,,,,,,11,0.39,86,,,,,,,,,,,,,,,,8,13.51,22,,,,,,,,,,,,,,,,18,15.93,4,,,,8,0.46,24,,,
Sindi,JHVS 1426,11/18,JUVENTUS CAMPARINO,,JHVS 543,"82,83",2,,,,13,0.17,36,19,0.61,19,,,,,,,6,0.25,66,,,,,,,,,,,,,,,,6,15.23,17,,,,,,,,,,,,,,,,8,1.45,53,,,,18,0.09,54,,,
Sindi,CICS 173,03/20,LUT FIV DO BAGUASSU,,AJCA 1827,"82,83",2,,,,11,0.26,24,18,0.38,28,,,,,,,9,0.31,75,,,,,,,,,,,,,,,,7,9.63,36,,,,,,,,,,,,,,,,7,-12.25,96,,,,21,0.23,40,,,
Sindi,BJMS 353,07/22,BEN-HUR FIV MORRO DO,,BJMS 62,82,1,,,,20,-0.12,80,20,0.37,29,,,,,,,15,-0.07,21,,,,,,,,,,,,,,,,15,13.49,22,,,,,,,,,,,,,,,,19,20.37,2,,,,26,-0.02,68,,,
Sindi,VIB 325,09/21,HEBRON FIV DON,,AJCA 1827,"82,83",2,,,,10,0.26,24,21,0.29,33,,,,,,,12,0.35,82,,,,,,,,,,,,,,,,8,15.39,16,,,,,,,,,,,,,,,,10,-10.8,95,,,,25,0.83,10,,,
Sindi,MDVS 3221,12/15,INDEPENDENTE D,,MDVS 2298,82,1,,,,11,-0.26,94,19,0.26,35,,,,,,,12,0.03,35,,,,,,,,,,,,,,,,7,15.54,15,,,,,,,,,,,,,,,,11,6.44,22,,,,7,4.21,0.5,,,
Sindi,JHVS 1632,09/19,1632 CAMPARINO,,AJCA 1827,"82,83",2,,,,11,0.2,32,14,0.22,38,,,,,,,9,0.22,62,,,,,,,,,,,,,,,,7,7.34,44,,,,,,,,,,,,,,,,7,-10.99,96,,,,24,0.01,64,,,
Sindi,EMGS 830,06/07,FIGO-E,,EMGS 472,83,1,,,,21,0.49,5,15,-0.64,98,,,,,,,9,-0.28,6,,,,,,,,,,,,,,,,7,25.24,2,,,,,,,,,,,,,,,,13,30.71,0.5,,,,7,-0.33,88,,,
Sindi,AJCF 129,07/10,BELO AJCF,,AJCA 1094,83,1,,,,50,0.35,13,48,-0.19,80,,,,,,,40,-0.17,12,,,,,,,,,,,,,,,,40,16.99,12,,,,,,,,,,,,,,,,51,1.86,50,,,,44,-0.08,73,,,
Sindi,CICS 190,08/20,CLIFF FIV DO BAGUASSU,,IASR 182,83,1,,,,14,0.21,30,11,-0.16,77,,,,,,,13,-0.13,15,,,,,,,,,,,,,,,,4,7.96,42,,,,,,,,,,,,,,,,13,8.38,14,,,,4,4.34,0.5,,,
Sindi,HLCS 347,01/20,IBOPE PORANGABA,,AJCA 945,83,1,,,,11,0.2,32,10,0,57,,,,,,,8,0.17,54,,,,,,,,,,,,,,,,8,7.25,45,,,,,,,,,,,,,,,,11,4.3,34,,,,8,1.17,7,,,
Sindi,CICS 195,08/20,GLOOGIE FIV DO BAGUAS,,IASR 182,83,1,,,,15,0.19,33,17,-0.12,72,,,,,,,12,-0.1,17,,,,,,,,,,,,,,,,11,8.8,39,,,,,,,,,,,,,,,,17,9.42,12,,,,20,4.37,0.5,,,
